characterized,lsa_bin,cluster_cdr3_heavy,affinity,on_rate,off_rate,sequence_aa_light,sequence_aa_heavy,cdr1_aa_heavy,cdr2_aa_heavy,cdr3_aa_heavy,cdr1_aa_light,cdr2_aa_light,cdr3_aa_light,relative_abundance_10nM,relative_abundance_1nM,sequence,binding_affinity,affinity_bin,set
True,1.0,27F,5.77e-10,332176.9444,0.000191546,DIQMTQSPSSVSASVGDRVTITCRASQDIGNHLAWYQQKPGKAPKLLIYGESNRATGVPSRFSGSGSGTDFTLTISSLQPEDFANYYCHQYATYPWTFGGGTKVEIK,QVQLVQSGAEVKKPGASVKVSCKVSGYSFTDHSIHWVRQAPGKGLEWMGGINPYTGDTIYAQKFQGRVTMTEDTSTDTAYMELSSLKSEDTAVYYCARDGYGDYRGLYGMDVWGQGTTVTVSS,GYSFTDHS,INPYTGDT,ARDGYGDYRGLYGMDV,QDIGNH,GESNRAT,HQYATYPWT,0.035534799,0.059037239,QVQLVQSGAEVKKPGASVKVSCKVSGYSFTDHSIHWVRQAPGKGLEWMGGINPYTGDTIYAQKFQGRVTMTEDTSTDTAYMELSSLKSEDTAVYYCARDGYGDYRGLYGMDVWGQGTTVTVSS:DIQMTQSPSSVSASVGDRVTITCRASQDIGNHLAWYQQKPGKAPKLLIYGESNRATGVPSRFSGSGSGTDFTLTISSLQPEDFANYYCHQYATYPWTFGGGTKVEIK,0.19383302302917613,3,train
True,1.0,27F,3.97e-11,252049.1776,1e-05,DIQMTQSPSSVSASVGDRVTITCRASQAIGSYLAWYQQKPGKAPKLLIYKASSLERGVPSRFSGSGSGTDFTLTISSLQPEDFANYYCHQYATYPWTFGGGTKVEIK,QVQLVQSGAEVKKPGASVKVSCKVSGYSFTDHSIHWVRQAPGKGLEWMGGINPYTGDTIYAQKFQGRVTMTEDTSTDTAYMELSSLKSEDTAVYYCARDGYGDYRGLYGMDVWGQGTTVTVSS,GYSFTDHS,INPYTGDT,ARDGYGDYRGLYGMDV,QAIGSY,KASSLER,HQYATYPWT,0.062608931,0.09763851,QVQLVQSGAEVKKPGASVKVSCKVSGYSFTDHSIHWVRQAPGKGLEWMGGINPYTGDTIYAQKFQGRVTMTEDTSTDTAYMELSSLKSEDTAVYYCARDGYGDYRGLYGMDVWGQGTTVTVSS:DIQMTQSPSSVSASVGDRVTITCRASQAIGSYLAWYQQKPGKAPKLLIYKASSLERGVPSRFSGSGSGTDFTLTISSLQPEDFANYYCHQYATYPWTFGGGTKVEIK,0.02502007481652924,0,train
True,1.0,27F,1.59e-09,315182.383,0.000501325,DIQMTQSPSSVSASVGDRVTITCRASQPISSYLAWYQQKPGKAPKLLIYEASKLQSGVPSRFSGSGSGTDFTLTISSLQPEDFANYYCHQYATYPWTFGGGTKVEIK,QVQLVQSGAEVKKPGASVKVSCKVSGYPFPSYAIHWVRQAPGKGLEWMGGINPYTGDTIYAQKFQGRVTMTEDTSTDTAYMELSSLKSEDTAVYYCARDGYGDYRGLYGMDVWGQGTTVTVSS,GYPFPSYA,INPYTGDT,ARDGYGDYRGLYGMDV,QPISSY,EASKLQS,HQYATYPWT,0.008460666,0.009082652,QVQLVQSGAEVKKPGASVKVSCKVSGYPFPSYAIHWVRQAPGKGLEWMGGINPYTGDTIYAQKFQGRVTMTEDTSTDTAYMELSSLKSEDTAVYYCARDGYGDYRGLYGMDVWGQGTTVTVSS:DIQMTQSPSSVSASVGDRVTITCRASQPISSYLAWYQQKPGKAPKLLIYEASKLQSGVPSRFSGSGSGTDFTLTISSLQPEDFANYYCHQYATYPWTFGGGTKVEIK,0.25776626185717294,6,train
True,1.0,,3.49e-10,237839.2891,8.3e-05,DIQMTQSPSSVSASVGDRVTITCRASQNIGTYLAWYQQKPGKAPKLLIYEANKRPSGVPSRFSGSGSGTDFTLTISSLQPEDFANYYCHQYATYPWTFGGGTKVEIK,QVQLVQSGAEVKKPGASVKVSCKVSGYSFTDHSIHWVRQAPGKGLEWMGGINPYTGDTIYAQKFQGRVTMTEDTSTDTAYMELSSLKSEDTAVYYCARDAYGGNSETFWYYGMDVWGQGTTVTVSS,GYSFTDHS,INPYTGDT,ARDAYGGNSETFWYYGMDV,QNIGTY,EANKRPS,HQYATYPWT,0.025381999,0.031789282,QVQLVQSGAEVKKPGASVKVSCKVSGYSFTDHSIHWVRQAPGKGLEWMGGINPYTGDTIYAQKFQGRVTMTEDTSTDTAYMELSSLKSEDTAVYYCARDAYGGNSETFWYYGMDVWGQGTTVTVSS:DIQMTQSPSSVSASVGDRVTITCRASQNIGTYLAWYQQKPGKAPKLLIYEANKRPSGVPSRFSGSGSGTDFTLTISSLQPEDFANYYCHQYATYPWTFGGGTKVEIK,0.16212204712945197,2,train
True,1.0,27F,3.38e-11,295725.6169,1e-05,DIQMTQSPSSVSASVGDRVTITCRASQGIGKYLAWYQQKPGKAPKLLIYDVSSRVTGVPSRFSGSGSGTDFTLTISSLQPEDFANYYCHQYATYPWTFGGGTKVEIK,QVQLVQSGAEVKKPGASVKVSCKVSGYSFTDHSIHWVRQAPGKGLEWMGGINPYTGDTIYAQKFQGRVTMTEDTSTDTAYMELSSLKSEDTAVYYCARDGYGDYRGLYGMDVWGQGTTVTVSS,GYSFTDHS,INPYTGDT,ARDGYGDYRGLYGMDV,QGIGKY,DVSSRVT,HQYATYPWT,0.006768533,0.018165304,QVQLVQSGAEVKKPGASVKVSCKVSGYSFTDHSIHWVRQAPGKGLEWMGGINPYTGDTIYAQKFQGRVTMTEDTSTDTAYMELSSLKSEDTAVYYCARDGYGDYRGLYGMDVWGQGTTVTVSS:DIQMTQSPSSVSASVGDRVTITCRASQGIGKYLAWYQQKPGKAPKLLIYDVSSRVTGVPSRFSGSGSGTDFTLTISSLQPEDFANYYCHQYATYPWTFGGGTKVEIK,0.014872318121069003,0,train
True,1.0,,4.3e-11,232697.973,1e-05,DIQMTQSPSSVSASVGDRVTITCRASQNINDYLAWYQQKPGKAPKLLIYNVSNRFSGVPSRFSGSGSGTDFTLTISSLQPEDFANYYCHQYATYPWTFGDGTKVEIK,QVQLVQSGAEVKKPGASVKVSCKVSGYSFTDHSIHWVRQAPGKGLEWMGGINPYTGDTIYAQKFQGRVTMTEDTSTDTAYMELSSLKSEDTAVYYCARDAYSGSYPYYYYGMDVWGQGTTVTVSS,GYSFTDHS,INPYTGDT,ARDAYSGSYPYYYYGMDV,QNINDY,NVSNRFS,HQYATYPWT,0.001692133,0.004541326,QVQLVQSGAEVKKPGASVKVSCKVSGYSFTDHSIHWVRQAPGKGLEWMGGINPYTGDTIYAQKFQGRVTMTEDTSTDTAYMELSSLKSEDTAVYYCARDAYSGSYPYYYYGMDVWGQGTTVTVSS:DIQMTQSPSSVSASVGDRVTITCRASQNINDYLAWYQQKPGKAPKLLIYNVSNRFSGVPSRFSGSGSGTDFTLTISSLQPEDFANYYCHQYATYPWTFGDGTKVEIK,0.03005634527304746,0,train
True,1.0,28F,9.81e-11,207571.4375,2.04e-05,DIQMTQSPSSVSASVGDRVTITCRASRDISHHLAWYQQKPGKAPKLLIYAGSSRASGVPSRFSGSGSGTDFTLTISSLQPEDFANYYCHQYATYPWTFGGGTKVEIK,QVQLVQSGAEVKKPGASVKVSCKVSGYSFTDHSIHWVRQAPGKGLEWMGGINPYTGDTIYAQKFQGRVTMTEDTSTDTAYMELSSLKSEDTAVYYCARDGYDFWSGSYGMDVWGQGAQVTVSS,GYSFTDHS,INPYTGDT,ARDGYDFWSGSYGMDV,RDISHH,AGSSRAS,HQYATYPWT,0.001692133,0.002270663,QVQLVQSGAEVKKPGASVKVSCKVSGYSFTDHSIHWVRQAPGKGLEWMGGINPYTGDTIYAQKFQGRVTMTEDTSTDTAYMELSSLKSEDTAVYYCARDGYDFWSGSYGMDVWGQGAQVTVSS:DIQMTQSPSSVSASVGDRVTITCRASRDISHHLAWYQQKPGKAPKLLIYAGSSRASGVPSRFSGSGSGTDFTLTISSLQPEDFANYYCHQYATYPWTFGGGTKVEIK,0.08207772825876082,1,train
True,1.0,27F,8.83e-11,336347.8251,2.97e-05,DIQMTQSPSSVSASVGDRVTITCRASQDIGNHLAWYQQKPGKAPKLLIYASSNLASGVPSRFSGSGSGTDFTLTISSLQPEDFANYYCHQYATYPWTFGGGTKVEIK,QVQLVQSGAEVKKPGASVKVSCKVSGYSFTDHSIHWVRQAPGKGLEWMGGINPNIGDTIYAQKFQGRVTMTEDTSTDTAYMELSSLKSEDTAVYYCARDGYGDYRGLYGMDVWGQGTTVTVSS,GYSFTDHS,INPNIGDT,ARDGYGDYRGLYGMDV,QDIGNH,ASSNLAS,HQYATYPWT,0.033842665,0.061307902,QVQLVQSGAEVKKPGASVKVSCKVSGYSFTDHSIHWVRQAPGKGLEWMGGINPNIGDTIYAQKFQGRVTMTEDTSTDTAYMELSSLKSEDTAVYYCARDGYGDYRGLYGMDVWGQGTTVTVSS:DIQMTQSPSSVSASVGDRVTITCRASQDIGNHLAWYQQKPGKAPKLLIYASSNLASGVPSRFSGSGSGTDFTLTISSLQPEDFANYYCHQYATYPWTFGGGTKVEIK,0.07543952190821288,1,train
True,1.0,28F,1e-06,,,DIQMTQSPSSVSASVGDRVTITCRASQPISSYLAWYQQKPGKAPKLLIYGASSLQPGVPSRFSGSGSGTDFTLTISSLQPEDFANYYCHQYATYPWTFGGGTKVEIK,QVQLVQSGAEVKKPGASVKVSCKVSGYSFTDHSIHWVRQAPGKGLEWMGGINPYTGDTIYAQKFQGRVTMTEDTSTDTAYMELSSLKSEDTAVYYCARDGYDFWSGSYGMDVWGQGTTVTVSS,GYSFTDHS,INPYTGDT,ARDGYDFWSGSYGMDV,QPISSY,GASSLQP,HQYATYPWT,0.020305599,0.027247956,QVQLVQSGAEVKKPGASVKVSCKVSGYSFTDHSIHWVRQAPGKGLEWMGGINPYTGDTIYAQKFQGRVTMTEDTSTDTAYMELSSLKSEDTAVYYCARDGYDFWSGSYGMDVWGQGTTVTVSS:DIQMTQSPSSVSASVGDRVTITCRASQPISSYLAWYQQKPGKAPKLLIYGASSLQPGVPSRFSGSGSGTDFTLTISSLQPEDFANYYCHQYATYPWTFGGGTKVEIK,0.6642067078277463,8,train
True,,,1e-06,,,DIQMTQSPSSVSASVGDRVTITCRASQNIHSYLAWYQQKPGKAPKLLIYAASSLASGVPSRFSGSGSGTDFTLTISSLQPEDFANYYCHQYAAYPWTFGGGTKVEIK,QVQLVQSGAEVKKPGASVKVSCKVSGYPFTRSTIHWVRQAPGKGLEWMGGINAGTGDTIYAQKFQGRVTMTEDTSTDTAYMELSSLKSEDTAVYYCARDGYSSGYYGMDVWGQGTTVTVSS,GYPFTRST,INAGTGDT,ARDGYSSGYYGMDV,QNIHSY,AASSLAS,HQYAAYPWT,0.033842665,0.015894641,QVQLVQSGAEVKKPGASVKVSCKVSGYPFTRSTIHWVRQAPGKGLEWMGGINAGTGDTIYAQKFQGRVTMTEDTSTDTAYMELSSLKSEDTAVYYCARDGYSSGYYGMDVWGQGTTVTVSS:DIQMTQSPSSVSASVGDRVTITCRASQNIHSYLAWYQQKPGKAPKLLIYAASSLASGVPSRFSGSGSGTDFTLTISSLQPEDFANYYCHQYAAYPWTFGGGTKVEIK,0.6642067078277463,8,train
True,1.0,,4.94e-08,215799.2991,0.010663819,DIQMTQSPSSVSASVGDRVTITCRASQGIGRDLAWYQQKPGKAPKLLIYEASTLKPGVPSRFSGSGSGTDFTLTISSLQPEDFANYYCHQYAAYPWTFGGGTKVEIK,QVQLVQSGAEVKKPGASVKVSCKVSGYPFTRSTIHWVRQAPGKGLEWMGGINAGTGDTIYAQKFQGRVTMTEDTSTDTAYMELSSLKSEDTAVYYCARDGQPISYYYGMDVWGQGTTVTVSS,GYPFTRST,INAGTGDT,ARDGQPISYYYGMDV,QGIGRD,EASTLKP,HQYAAYPWT,0.121833596,0.009082652,QVQLVQSGAEVKKPGASVKVSCKVSGYPFTRSTIHWVRQAPGKGLEWMGGINAGTGDTIYAQKFQGRVTMTEDTSTDTAYMELSSLKSEDTAVYYCARDGQPISYYYGMDVWGQGTTVTVSS:DIQMTQSPSSVSASVGDRVTITCRASQGIGRDLAWYQQKPGKAPKLLIYEASTLKPGVPSRFSGSGSGTDFTLTISSLQPEDFANYYCHQYAAYPWTFGGGTKVEIK,0.47449697585661144,7,train
True,1.0,,6.56e-10,370714.0913,0.000243369,DIQMTQSPSSVSASVGDRVTITCRASQDIGNHLAWYQQKPGKAPKLLIYASSNLASGVPSRFSGSGSGTDFTLTISSLQPEDFANYYCHQYATYPWTFGGGTKVEIK,QVQLVQSGAEVKKPGASVKVSCKVSGYSFTSHTIHWVRQAPGKGLEWMGGINPDTGDTIYAQKFQGRVTMTEDTSTDTAYMELSSLKSEDTAVYYCARDAWGRPGTYCGGDCPYSGMDVWGQGTTVTVSS,GYSFTSHT,INPDTGDT,ARDAWGRPGTYCGGDCPYSGMDV,QDIGNH,ASSNLAS,HQYATYPWT,0.081222397,0.049954587,QVQLVQSGAEVKKPGASVKVSCKVSGYSFTSHTIHWVRQAPGKGLEWMGGINPDTGDTIYAQKFQGRVTMTEDTSTDTAYMELSSLKSEDTAVYYCARDAWGRPGTYCGGDCPYSGMDVWGQGTTVTVSS:DIQMTQSPSSVSASVGDRVTITCRASQDIGNHLAWYQQKPGKAPKLLIYASSNLASGVPSRFSGSGSGTDFTLTISSLQPEDFANYYCHQYATYPWTFGGGTKVEIK,0.20192639134045828,4,train
True,1.0,,1.95e-10,302941.4828,5.9e-05,DIQMTQSPSSVSASVGDRVTITCRASQNIHSYLAWYQQKPGKAPKLLIYGESNRATGVPSRFSGSGSGTDFTLTISSLQPEDFANYYCHQYAAYPWTFGGGTKVEIK,QVQLVQSGAEVKKPGASVKVSCKVSGYPFTRSTIHWVRQAPGKGLEWMGGINAGTGDTIYAQKFQGRVTMTEDTSTDTAYMELSSLKSEDTAVYYCARDGYSSGYYGMDVWGQGTTVTVSS,GYPFTRST,INAGTGDT,ARDGYSSGYYGMDV,QNIHSY,GESNRAT,HQYAAYPWT,0.023689866,0.009082652,QVQLVQSGAEVKKPGASVKVSCKVSGYPFTRSTIHWVRQAPGKGLEWMGGINAGTGDTIYAQKFQGRVTMTEDTSTDTAYMELSSLKSEDTAVYYCARDGYSSGYYGMDVWGQGTTVTVSS:DIQMTQSPSSVSASVGDRVTITCRASQNIHSYLAWYQQKPGKAPKLLIYGESNRATGVPSRFSGSGSGTDFTLTISSLQPEDFANYYCHQYAAYPWTFGGGTKVEIK,0.1254092956629104,2,train
True,1.0,,6.81e-10,262008.5201,0.00017849,DIQMTQSPSSVSASVGDRVTITCRASQGINRYLAWYQQKPGKAPKLLIYGASTRAIGIPSRFSGSGSGTDFTLTISSLQPEDFANYYCQQYATYPWTFGGGTKVEIK,QVQLVQSGAEVKKPGASVKVSCKVSGYPFTRSTIHWVRQAPGKGLEWMGGINAGTGDTIYAQKFQGRVTMTEDTSTDTAYMELSSLKSEDTAVYYCARDGYSSGYYGMDVWGQGTTVTVSS,GYPFTRST,INAGTGDT,ARDGYSSGYYGMDV,QGINRY,GASTRAI,QQYATYPWT,0.038919065,0.02270663,QVQLVQSGAEVKKPGASVKVSCKVSGYPFTRSTIHWVRQAPGKGLEWMGGINAGTGDTIYAQKFQGRVTMTEDTSTDTAYMELSSLKSEDTAVYYCARDGYSSGYYGMDVWGQGTTVTVSS:DIQMTQSPSSVSASVGDRVTITCRASQGINRYLAWYQQKPGKAPKLLIYGASTRAIGIPSRFSGSGSGTDFTLTISSLQPEDFANYYCQQYATYPWTFGGGTKVEIK,0.20428539804033088,4,train
True,1.0,,3.64e-08,216562.0581,0.007887071,DIQMTQSPSSVSASVGDRVTITCRASQGINRYLAWYQQKPGKAPKLLIYGASTRAIGIPSRFSGSGSGTDFTLTISSLQPEDFANYYCQQYATYPWTFGGGTKVEIK,QVQLVQSGAEVKKPGASVKVSCKVSGYTFSNHAIHWVRQAPGKGLEWMGGINPNIGDTIYAQKFQGRVTMTEDTSTDTAYMELSSLKSEDTAVYYCASETRDGLLYWGQGTLVTVSS,GYTFSNHA,INPNIGDT,ASETRDGLLY,QGINRY,GASTRAI,QQYATYPWT,0.038919065,0.018165304,QVQLVQSGAEVKKPGASVKVSCKVSGYTFSNHAIHWVRQAPGKGLEWMGGINPNIGDTIYAQKFQGRVTMTEDTSTDTAYMELSSLKSEDTAVYYCASETRDGLLYWGQGTLVTVSS:DIQMTQSPSSVSASVGDRVTITCRASQGINRYLAWYQQKPGKAPKLLIYGASTRAIGIPSRFSGSGSGTDFTLTISSLQPEDFANYYCQQYATYPWTFGGGTKVEIK,0.4552357957993248,7,train
True,1.0,,3.68e-10,243378.3683,8.97e-05,DIQMTQSPSSVSASVGDRVTITCRASQPISSYLAWYQQKPGKAPKLLIYEASKLQSGVPSRFSGSGSGTDFTLTISSLQPEDFANYYCHQYATYPWTFGGGTKVEIK,QVQLVQSGAEVKKPGASVKVSCKVSGYSFTDHSIHWVRQAPGKGLEWMGGINPYTGDTIYAQKFQGRVTMTEDTSTDTAYMELSSLKSEDTAVYYCARDGYSYGYLSGMDVWGQGTTVTVSS,GYSFTDHS,INPYTGDT,ARDGYSYGYLSGMDV,QPISSY,EASKLQS,HQYATYPWT,0.020305599,0.024977293,QVQLVQSGAEVKKPGASVKVSCKVSGYSFTDHSIHWVRQAPGKGLEWMGGINPYTGDTIYAQKFQGRVTMTEDTSTDTAYMELSSLKSEDTAVYYCARDGYSYGYLSGMDVWGQGTTVTVSS:DIQMTQSPSSVSASVGDRVTITCRASQPISSYLAWYQQKPGKAPKLLIYEASKLQSGVPSRFSGSGSGTDFTLTISSLQPEDFANYYCHQYATYPWTFGGGTKVEIK,0.16546558373373446,2,train
True,1.0,,5.51e-10,263773.6624,0.000145403,DIQMTQSPSSVSASVGDRVTITCRASQDIGNHLAWYQQKPGKAPKLLIYASSNLASGVPSRFSGSGSGTDFTLTISSLQPEDFANYYCHQYATYPWTFGGGTKVEIK,QVQLVQSGAEVKKPGASVKVSCKVSGYSFTDHSIHWVRQAPGKGLEWMGGINPNIGDTIYAQKFQGRVTMTEDTSTDTAYMELSSLKSEDTAVYYCARDAYSGSYPYYYYGMDVWGQGTTVTVSS,GYSFTDHS,INPNIGDT,ARDAYSGSYPYYYYGMDV,QDIGNH,ASSNLAS,HQYATYPWT,0.106604396,0.106721163,QVQLVQSGAEVKKPGASVKVSCKVSGYSFTDHSIHWVRQAPGKGLEWMGGINPNIGDTIYAQKFQGRVTMTEDTSTDTAYMELSSLKSEDTAVYYCARDAYSGSYPYYYYGMDVWGQGTTVTVSS:DIQMTQSPSSVSASVGDRVTITCRASQDIGNHLAWYQQKPGKAPKLLIYASSNLASGVPSRFSGSGSGTDFTLTISSLQPEDFANYYCHQYATYPWTFGGGTKVEIK,0.19092491103421155,3,train
True,1.0,28F,1.41e-09,281267.7949,0.000396492,DIQMTQSPSSVSASVGDRVTITCRASQDIGNHLAWYQQKPGKAPKLLIYASSNLASGVPSRFSGSGSGTDFTLTISSLQPEDFANYYCHQYATYPWTFGGGTKVEIK,QVQLVQSGAEVKKPGASVKVSCKVSGYSFTDHSIHWVRQAPGKGLEWMGGINPYTGDTIYAQKFQGRVTMTEDTSTDTAYMELSSLKSEDTAVYYCARDGYDFWSGSYGMDVWGQGTTVTVSS,GYSFTDHS,INPYTGDT,ARDGYDFWSGSYGMDV,QDIGNH,ASSNLAS,HQYATYPWT,6.125522446,9.536784741,QVQLVQSGAEVKKPGASVKVSCKVSGYSFTDHSIHWVRQAPGKGLEWMGGINPYTGDTIYAQKFQGRVTMTEDTSTDTAYMELSSLKSEDTAVYYCARDGYDFWSGSYGMDVWGQGTTVTVSS:DIQMTQSPSSVSASVGDRVTITCRASQDIGNHLAWYQQKPGKAPKLLIYASSNLASGVPSRFSGSGSGTDFTLTISSLQPEDFANYYCHQYATYPWTFGGGTKVEIK,0.25018846133559675,5,train
True,,,1.67e-07,249040.5018,0.041602643,DIQMTQSPSSVSASVGDRVTITCRASQFIRNDLAWYQQKPGKAPKLLIYDVSNRPAGVPSRFSGSGSGTDFTLTISSLQPEDFANYYCLQYSIYPWTFGGGTKVEIK,QVQLVQSGAEVKKPGASVKVSCKVSGYPFTSSAIHWVRQAPGKGLEWMGGISAYRGDTIYAQKFQGRVTMTEDTSTDTAYMELSSLKSEDTAVYYCARDGFDVGTAKSLDYWGPGTLVTVSS,GYPFTSSA,ISAYRGDT,ARDGFDVGTAKSLDY,QFIRND,DVSNRPA,LQYSIYPWT,0.003384267,0.0,QVQLVQSGAEVKKPGASVKVSCKVSGYPFTSSAIHWVRQAPGKGLEWMGGISAYRGDTIYAQKFQGRVTMTEDTSTDTAYMELSSLKSEDTAVYYCARDGFDVGTAKSLDYWGPGTLVTVSS:DIQMTQSPSSVSASVGDRVTITCRASQFIRNDLAWYQQKPGKAPKLLIYDVSNRPAGVPSRFSGSGSGTDFTLTISSLQPEDFANYYCLQYSIYPWTFGGGTKVEIK,0.5513220013701907,7,train
True,1.0,,4.87e-11,205301.2296,1e-05,DIQMTQSPSSVSASVGDRVTITCRASRSISGYLAWYQQKPGKAPKLLIYDANARATGIPSRFSGSGSGTDFTLTISSLQPEDFANYYCHQYSTFPWTFGGGTKVEIK,QVQLVQSGAEVKKPGASVKVSCKVSGYTFSNHAIHWVRQAPGKGLEWMGGINPNIGDTIYAQKFQGRVTMTEDTSTDTAYMELSSLKSEDTAVYYCARDGYSYGYLSGMDVWGQGTTVTVSS,GYTFSNHA,INPNIGDT,ARDGYSYGYLSGMDV,RSISGY,DANARAT,HQYSTFPWT,0.003384267,0.0,QVQLVQSGAEVKKPGASVKVSCKVSGYTFSNHAIHWVRQAPGKGLEWMGGINPNIGDTIYAQKFQGRVTMTEDTSTDTAYMELSSLKSEDTAVYYCARDGYSYGYLSGMDVWGQGTTVTVSS:DIQMTQSPSSVSASVGDRVTITCRASRSISGYLAWYQQKPGKAPKLLIYDANARATGIPSRFSGSGSGTDFTLTISSLQPEDFANYYCHQYSTFPWTFGGGTKVEIK,0.037907539956883465,1,train
True,1.0,,1.39e-10,310475.2251,4.31e-05,DIQMTQSPSSVSASVGDRVTITCRASQDIGNHLAWYQQKPGKAPKLLIYASSNLASGVPSRFSGSGSGTDFTLTISSLQPEDFANYYCHQYATYPWTFGGGTKVEIK,QVQLVQSGAEVKKPGASVKVSCKVSGYSFTDHSIHWVRQAPGKGLEWMGGINPYTGDTIYAQKFQGRVTMTEDTSTDTAYMELSSLKSEDTAVYYCARDGYYGSGTYYYYGMDVWGQGTTVTVSS,GYSFTDHS,INPYTGDT,ARDGYYGSGTYYYYGMDV,QDIGNH,ASSNLAS,HQYATYPWT,0.240282925,0.158946412,QVQLVQSGAEVKKPGASVKVSCKVSGYSFTDHSIHWVRQAPGKGLEWMGGINPYTGDTIYAQKFQGRVTMTEDTSTDTAYMELSSLKSEDTAVYYCARDGYYGSGTYYYYGMDVWGQGTTVTVSS:DIQMTQSPSSVSASVGDRVTITCRASQDIGNHLAWYQQKPGKAPKLLIYASSNLASGVPSRFSGSGSGTDFTLTISSLQPEDFANYYCHQYATYPWTFGGGTKVEIK,0.10405764262463922,1,train
True,1.0,,1.34e-08,268095.2377,0.00359005,DIQMTQSPSSVSASVGDRVTITCRASQGIGRDLAWYQQKPGKAPKLLIYEASTLKPGVPSRFSGSGSGTDFTLTISSLQPEDFANYYCHQYAAYPWTFGGGTKVEIK,QVQLVQSGAEVKKPGASVKVSCKVSGYPFTRSTIHWVRQAPGKGLEWMGGINAGTGDTIYAQKFQGRVTMTEDTSTDTAYMELSSLKSEDTAVYYCARDGYSSSWYDVDDYYGMDVWGQGTTVTVSS,GYPFTRST,INAGTGDT,ARDGYSSSWYDVDDYYGMDV,QGIGRD,EASTLKP,HQYAAYPWT,0.121833596,0.006811989,QVQLVQSGAEVKKPGASVKVSCKVSGYPFTRSTIHWVRQAPGKGLEWMGGINAGTGDTIYAQKFQGRVTMTEDTSTDTAYMELSSLKSEDTAVYYCARDGYSSSWYDVDDYYGMDVWGQGTTVTVSS:DIQMTQSPSSVSASVGDRVTITCRASQGIGRDLAWYQQKPGKAPKLLIYEASTLKPGVPSRFSGSGSGTDFTLTISSLQPEDFANYYCHQYAAYPWTFGGGTKVEIK,0.3922065724659483,7,train
True,1.0,,1.52e-10,306316.2848,4.67e-05,DIQMTQSPSSVSASVGDRVTITCRASEGISNYLAWYQQKPGKAPKLLIYQDKQRPSGVPSRFSGSGSGTDFTLTISSLQPEDFANYYCQQYSAFPWTFGGGTKVEIK,QVQLVQSGAEVKKPGASVKVSCKVSGYTFSNHAIHWVRQAPGKGLEWMGGINPNIGDTIYAQKFQGRVTMTEDTSTDTAYMELSSLKSEDTAVYYCARDGYSSGYYGMDVWGQGTTVTVSS,GYTFSNHA,INPNIGDT,ARDGYSSGYYGMDV,EGISNY,QDKQRPS,QQYSAFPWT,0.015229199,0.0,QVQLVQSGAEVKKPGASVKVSCKVSGYTFSNHAIHWVRQAPGKGLEWMGGINPNIGDTIYAQKFQGRVTMTEDTSTDTAYMELSSLKSEDTAVYYCARDGYSSGYYGMDVWGQGTTVTVSS:DIQMTQSPSSVSASVGDRVTITCRASEGISNYLAWYQQKPGKAPKLLIYQDKQRPSGVPSRFSGSGSGTDFTLTISSLQPEDFANYYCQQYSAFPWTFGGGTKVEIK,0.10969673844728758,1,train
True,1.0,28F,1e-06,,,DIQMTQSPSSVSASVGDRVTITCRASQSISGHLAWYQQKPGKAPKLLIYGASNRAIGIPSRFSGSGSGTDFTLTISSLQPEDFANYYCHQYATYPWTFGGGTKVEIK,QVQLVQSGAEVKKPGASVKVSCKVSGYSFTDHSIHWVRQAPGKGLEWMGGINPYTGDTIYAQKFQGRVTMTEDTSTDTAYMELSSLKSEDTAVYYCARDGYDFWSGSYGMDVWGQGTTVTVSS,GYSFTDHS,INPYTGDT,ARDGYDFWSGSYGMDV,QSISGH,GASNRAI,HQYATYPWT,0.387498519,0.517711172,QVQLVQSGAEVKKPGASVKVSCKVSGYSFTDHSIHWVRQAPGKGLEWMGGINPYTGDTIYAQKFQGRVTMTEDTSTDTAYMELSSLKSEDTAVYYCARDGYDFWSGSYGMDVWGQGTTVTVSS:DIQMTQSPSSVSASVGDRVTITCRASQSISGHLAWYQQKPGKAPKLLIYGASNRAIGIPSRFSGSGSGTDFTLTISSLQPEDFANYYCHQYATYPWTFGGGTKVEIK,0.6642067078277463,8,train
True,1.0,,7.81e-10,243640.7698,0.000190348,DIQMTQSPSSVSASVGDRVTITCRASEGISNYLAWYQQKPGKAPKLLIYGASIRESGVPSRFSGSGSGTDFTLTISSLQPEDFANYYCHQYAAYPWTFGGGTKVEIK,QVQLVQSGAEVKKPGASVKVSCKVSGYPFTRSTIHWVRQAPGKGLEWMGGINAGTGDTIYAQKFQGRVTMTEDTSTDTAYMELSSLKSEDTAVYYCARDGYSSGYYGMDVWGQGTTVTVSS,GYPFTRST,INAGTGDT,ARDGYSSGYYGMDV,EGISNY,GASIRES,HQYAAYPWT,0.0050764,0.009082652,QVQLVQSGAEVKKPGASVKVSCKVSGYPFTRSTIHWVRQAPGKGLEWMGGINAGTGDTIYAQKFQGRVTMTEDTSTDTAYMELSSLKSEDTAVYYCARDGYSSGYYGMDVWGQGTTVTVSS:DIQMTQSPSSVSASVGDRVTITCRASEGISNYLAWYQQKPGKAPKLLIYGASIRESGVPSRFSGSGSGTDFTLTISSLQPEDFANYYCHQYAAYPWTFGGGTKVEIK,0.21292713881406714,4,train
True,1.0,,5.72e-11,174854.1945,1e-05,DIQMTQSPSSVSASVGDRVTITCRASQGISTYLAWYQQKPGKAPKLLIYDAATRATGIPSRFSGSGSGTDFTLTISSLQPEDFANYYCQQYSTHSWTFGGGTKVEIK,QVQLVQSGAEVKKPGASVKVSCKVSGYSFTDHSIHWVRQAPGKGLEWMGGINPYTGDTIYAQKFQGRVTMTEDTSTDTAYMELSSLKSEDTAVYYCARDGYSYGYLSGMDVWGQGTTVTVSS,GYSFTDHS,INPYTGDT,ARDGYSYGYLSGMDV,QGISTY,DAATRAT,QQYSTHSWT,0.020305599,0.009082652,QVQLVQSGAEVKKPGASVKVSCKVSGYSFTDHSIHWVRQAPGKGLEWMGGINPYTGDTIYAQKFQGRVTMTEDTSTDTAYMELSSLKSEDTAVYYCARDGYSYGYLSGMDVWGQGTTVTVSS:DIQMTQSPSSVSASVGDRVTITCRASQGISTYLAWYQQKPGKAPKLLIYDAATRATGIPSRFSGSGSGTDFTLTISSLQPEDFANYYCQQYSTHSWTFGGGTKVEIK,0.048054317962434506,1,train
True,5.0,,0.000205188,124.8073621,0.025608996,DIQMTQSPSSVSASVGDRVTITCRAPQDIGRALAWYQQKPGKAPKLLIYEGSRLESGVPSRFSGSGSGTDFTLTISSLQPEDFANYYCHQYASYPWTFGGGTKVEIK,QVQLVQSGAEVKKPGASVKVSCKVSGRTFSSYSIHWVRQAPGKGLEWMGGINPRTGDTIYAQKFQGRVTMTEDTSTDTAYMELSSLKSEDTAVYYCARDSYGSGADLGDYYGMDVWGQGTTVTVSS,GRTFSSYS,INPRTGDT,ARDSYGSGADLGDYYGMDV,QDIGRA,EGSRLES,HQYASYPWT,0.0050764,0.0,QVQLVQSGAEVKKPGASVKVSCKVSGRTFSSYSIHWVRQAPGKGLEWMGGINPRTGDTIYAQKFQGRVTMTEDTSTDTAYMELSSLKSEDTAVYYCARDSYGSGADLGDYYGMDVWGQGTTVTVSS:DIQMTQSPSSVSASVGDRVTITCRAPQDIGRALAWYQQKPGKAPKLLIYEGSRLESGVPSRFSGSGSGTDFTLTISSLQPEDFANYYCHQYASYPWTFGGGTKVEIK,1.0,9,train
True,1.0,27F,2.64e-10,316380.391,8.35e-05,DIQMTQSPSSVSASVGDRVTITCRASQDIGNHLAWYQQKPGKAPKLLIYEANKRPSGVPSRFSGSGSGTDFTLTISSLQPEDFANYYCHQYATYPWTFGGGTKVEIK,QVQLVQSGAEVKKPGASVKVSCKVSGYSFTDHSIHWVRQAPGKGLEWMGGINPYTGDTIYAQKFQGRVTMTEDTSTDTAYMELSSLKSEDTAVYYCARDGYGDYRGLYGMDVWGQGTTVTVSS,GYSFTDHS,INPYTGDT,ARDGYGDYRGLYGMDV,QDIGNH,EANKRPS,HQYATYPWT,0.023689866,0.043142598,QVQLVQSGAEVKKPGASVKVSCKVSGYSFTDHSIHWVRQAPGKGLEWMGGINPYTGDTIYAQKFQGRVTMTEDTSTDTAYMELSSLKSEDTAVYYCARDGYGDYRGLYGMDVWGQGTTVTVSS:DIQMTQSPSSVSASVGDRVTITCRASQDIGNHLAWYQQKPGKAPKLLIYEANKRPSGVPSRFSGSGSGTDFTLTISSLQPEDFANYYCHQYATYPWTFGGGTKVEIK,0.14451707681169162,2,train
True,1.0,,1e-06,,,DIQMTQSPSSVSASVGDRVTITCRASQVIGNDLAWYQQKPGKAPKLLIYGASHLQSGVPSRFSGSGSGTDFTLTISSLQPEDFANYYCQQPHSYPRTFGGGTKVEIK,QVQLVQSGAEVKKPGASVKVSCKVSGYTSTSSGIHWVRQAPGKGLEWMGGMSPTSGDTIYAQKFQGRVTMTEDTSTDTAYMELSSLKSEDTAVYYCASMRGKFGELLVDYWGQGTLVTVSS,GYTSTSSG,MSPTSGDT,ASMRGKFGELLVDY,QVIGND,GASHLQS,QQPHSYPRT,0.0101528,0.0,QVQLVQSGAEVKKPGASVKVSCKVSGYTSTSSGIHWVRQAPGKGLEWMGGMSPTSGDTIYAQKFQGRVTMTEDTSTDTAYMELSSLKSEDTAVYYCASMRGKFGELLVDYWGQGTLVTVSS:DIQMTQSPSSVSASVGDRVTITCRASQVIGNDLAWYQQKPGKAPKLLIYGASHLQSGVPSRFSGSGSGTDFTLTISSLQPEDFANYYCQQPHSYPRTFGGGTKVEIK,0.6642067078277463,8,train
True,1.0,,3.99e-10,341893.0503,0.000136483,DIQMTQSPSSVSASVGDRVTITCRASRDISSYLAWYQQKPGKAPKLLIYASSNLASGVPSRFSGSGSGTDFTLTISSLQPEDFANYYCHQYATYPWTFGGGTKVEIK,QVQLVQSGAEVKKPGASVKVSCKVSGYSFTDHSIHWVRQAPGKGLEWMGGINPYTGDTIYAQKFQGRVTMTEDTSTDTAYMELSSLKSEDTAVYYCAKDGWGSLLNGIAVAGLDYWGQGTLVTVSS,GYSFTDHS,INPYTGDT,AKDGWGSLLNGIAVAGLDY,RDISSY,ASSNLAS,HQYATYPWT,0.020305599,0.024977293,QVQLVQSGAEVKKPGASVKVSCKVSGYSFTDHSIHWVRQAPGKGLEWMGGINPYTGDTIYAQKFQGRVTMTEDTSTDTAYMELSSLKSEDTAVYYCAKDGWGSLLNGIAVAGLDYWGQGTLVTVSS:DIQMTQSPSSVSASVGDRVTITCRASRDISSYLAWYQQKPGKAPKLLIYASSNLASGVPSRFSGSGSGTDFTLTISSLQPEDFANYYCHQYATYPWTFGGGTKVEIK,0.17056679051447185,3,train
True,1.0,27F,9.03e-10,237773.5175,0.000214692,DIQMTQSPSSVSASVGDRVTITCRASQDIGNHLAWYQQKPGKAPKLLIYGTSSRVTGVPSRFSGSGSGTDFTLTISSLQPEDFANYYCQQYNAFPWTFGGGTKVEIK,QVQLVQSGAEVKKPGASVKVSCKVSGYTLSDHAIHWVRQAPGKGLEWMGGIGPGQGDTIYAQKFQGRVTMTEDTSTDTAYMELSSLKSEDTAVYYCARDGYGDYRGLYGMDVWGQGTTVTVSS,GYTLSDHA,IGPGQGDT,ARDGYGDYRGLYGMDV,QDIGNH,GTSSRVT,QQYNAFPWT,0.021997733,0.018165304,QVQLVQSGAEVKKPGASVKVSCKVSGYTLSDHAIHWVRQAPGKGLEWMGGIGPGQGDTIYAQKFQGRVTMTEDTSTDTAYMELSSLKSEDTAVYYCARDGYGDYRGLYGMDVWGQGTTVTVSS:DIQMTQSPSSVSASVGDRVTITCRASQDIGNHLAWYQQKPGKAPKLLIYGTSSRVTGVPSRFSGSGSGTDFTLTISSLQPEDFANYYCQQYNAFPWTFGGGTKVEIK,0.22208194650882832,5,train
True,,,1e-06,,,DIQMTQSPSSVSASVGDRVTITCRASQNIFRYLAWYQQKPGKAPKLLIYDTFNRATGVPSRFSGSGSGTDFTLTISSLQPEDFANYYCQQYDQYPITFGGGTKVEIK,QVQLVQSGAEVKKPGASVKVSCKVSGYSFTDHSIHWVRQAPGKGLEWMGGINPYTGDTIYAQKFQGRVTMTEDTSTDTAYMELSSLKSEDTAVYYCARDGFDVGTTKSLDYWGPGTLVTVSS,GYSFTDHS,INPYTGDT,ARDGFDVGTTKSLDY,QNIFRY,DTFNRAT,QQYDQYPIT,0.0050764,0.0,QVQLVQSGAEVKKPGASVKVSCKVSGYSFTDHSIHWVRQAPGKGLEWMGGINPYTGDTIYAQKFQGRVTMTEDTSTDTAYMELSSLKSEDTAVYYCARDGFDVGTTKSLDYWGPGTLVTVSS:DIQMTQSPSSVSASVGDRVTITCRASQNIFRYLAWYQQKPGKAPKLLIYDTFNRATGVPSRFSGSGSGTDFTLTISSLQPEDFANYYCQQYDQYPITFGGGTKVEIK,0.6642067078277463,8,train
True,1.0,,3.76e-11,266213.9027,1e-05,DIQMTQSPSSVSASVGDRVTITCRASQSIGTYLAWYQQKPGKAPKLLIYSGSTLPSGVPSRFSGSGSGTDFTLTISSLQPEDFANYYCHQYATYPWTFGGGTKVEIK,QVQLVQSGAEVKKPGASVKVSCKVSGYSFTDHSIHWVRQAPGKGLEWMGGINPYTGDTIYAQKFQGRVTMTEDTSTDTAYMELSSLKSEDTAVYYCARDGYSYGYLSGMDVWGQGTTVTVSS,GYSFTDHS,INPYTGDT,ARDGYSYGYLSGMDV,QSIGTY,SGSTLPS,HQYATYPWT,0.0,0.015894641,QVQLVQSGAEVKKPGASVKVSCKVSGYSFTDHSIHWVRQAPGKGLEWMGGINPYTGDTIYAQKFQGRVTMTEDTSTDTAYMELSSLKSEDTAVYYCARDGYSYGYLSGMDVWGQGTTVTVSS:DIQMTQSPSSVSASVGDRVTITCRASQSIGTYLAWYQQKPGKAPKLLIYSGSTLPSGVPSRFSGSGSGTDFTLTISSLQPEDFANYYCHQYATYPWTFGGGTKVEIK,0.02159226571726041,0,train
True,1.0,,1e-06,,,DIQMTQSPSSVSASVGDRVTITCRASQGIRSDLAWYQQKPGKAPKLLIYQDNVRPSGVPSRFSGSGSGTDFTLTISSLQPEDFANYYCQQSGRTFGGGTKVGIK,QVQLVQSGAEVKKPGASVKVSCKVSGYTDTSYGIHWVRQAPGKGLEWMGGIIPSAGSTIYAQKFQGRVTMTEDTSTDTAYMELSSLKSEDTAVYYCAREGDGELDYWGQGTLVTVSS,GYTDTSYG,IIPSAGST,AREGDGELDY,QGIRSD,QDNVRPS,QQSGRT,0.006768533,0.0,QVQLVQSGAEVKKPGASVKVSCKVSGYTDTSYGIHWVRQAPGKGLEWMGGIIPSAGSTIYAQKFQGRVTMTEDTSTDTAYMELSSLKSEDTAVYYCAREGDGELDYWGQGTLVTVSS:DIQMTQSPSSVSASVGDRVTITCRASQGIRSDLAWYQQKPGKAPKLLIYQDNVRPSGVPSRFSGSGSGTDFTLTISSLQPEDFANYYCQQSGRTFGGGTKVGIK,0.6642067078277463,8,train
True,2.0,47F,7.94e-10,249188.4489,0.000197857,DIQMTQSPSSVSASVGDRVTITCRASRDISSYLAWYQQKPGKAPKLLIYGASTRASGVPSRFSGSGSGTDFTLTISSLQPEDFANYYCLQYSIYPWTFGGGTKVEIK,QVQLVQSGAEVKKPGASVKVSCKVSGYTSPATIHWVRQAPGKGLEWMGGISPYKGDTIYAQKFQGRVTMTEDTSTDTAYMELSSLKSEDTAVYYCAKDSYYYDSSGSGLGGGFDYWGQGTLVTVSS,GYTSPAT,ISPYKGDT,AKDSYYYDSSGSGLGGGFDY,RDISSY,GASTRAS,LQYSIYPWT,0.226745859,0.279291553,QVQLVQSGAEVKKPGASVKVSCKVSGYTSPATIHWVRQAPGKGLEWMGGISPYKGDTIYAQKFQGRVTMTEDTSTDTAYMELSSLKSEDTAVYYCAKDSYYYDSSGSGLGGGFDYWGQGTLVTVSS:DIQMTQSPSSVSASVGDRVTITCRASRDISSYLAWYQQKPGKAPKLLIYGASTRASGVPSRFSGSGSGTDFTLTISSLQPEDFANYYCLQYSIYPWTFGGGTKVEIK,0.21396835906724218,5,train
True,1.0,,6.24e-09,429777.7411,0.002683629,DIQMTQSPSSVSASVGDRVTITCRASQSIGSYLAWYQQKPGKAPKLLIYDASNLASGVPSRFSGSGSGTDFTLTISSLQPEDFANYYCHQYATYPWTFGGGTKVEIK,QVQLVQSGAEVKKPGASVKVSCKASGYTFSDYSIHWVRQAPGKGLEWMGGINPNIGDTIYAQKFQGRVTMTEDTSTDTAYMELSSLKSEDTAVYYCARDGYNSLDSWGQGTLVTVSS,GYTFSDYS,INPNIGDT,ARDGYNSLDS,QSIGSY,DASNLAS,HQYATYPWT,0.0101528,0.002270663,QVQLVQSGAEVKKPGASVKVSCKASGYTFSDYSIHWVRQAPGKGLEWMGGINPNIGDTIYAQKFQGRVTMTEDTSTDTAYMELSSLKSEDTAVYYCARDGYNSLDSWGQGTLVTVSS:DIQMTQSPSSVSASVGDRVTITCRASQSIGSYLAWYQQKPGKAPKLLIYDASNLASGVPSRFSGSGSGTDFTLTISSLQPEDFANYYCHQYATYPWTFGGGTKVEIK,0.3440018776105711,7,train
True,,,1e-06,,,DIQMTQSPSSVSASVGDRVTITCRASQDIGRYLAWYQQKPGKAPKLLIYGSSNCAAGVPSRFSGSGSGTDFTLTISSLQPEDFANYYCQQYVSFPLTFGGGTKVEIK,QVQLVQSGAEVKKPGASVKVSCKVSGHTFSDKAIHWVRQAPGKGLEWMGGIHPKSGDTIYAQKFQGRVTMTEDTSTDTAYMELSSLKSEDTAVYYCARYGYYDFWSGYPYYYYYGMDVWGQGTTVTVSS,GHTFSDKA,IHPKSGDT,ARYGYYDFWSGYPYYYYYGMDV,QDIGRY,GSSNCAA,QQYVSFPLT,0.001692133,0.0,QVQLVQSGAEVKKPGASVKVSCKVSGHTFSDKAIHWVRQAPGKGLEWMGGIHPKSGDTIYAQKFQGRVTMTEDTSTDTAYMELSSLKSEDTAVYYCARYGYYDFWSGYPYYYYYGMDVWGQGTTVTVSS:DIQMTQSPSSVSASVGDRVTITCRASQDIGRYLAWYQQKPGKAPKLLIYGSSNCAAGVPSRFSGSGSGTDFTLTISSLQPEDFANYYCQQYVSFPLTFGGGTKVEIK,0.6642067078277463,8,train
True,1.0,27F,1.83e-10,353741.3437,6.49e-05,DIQMTQSPSSVSASVGDRVTITCRASQDISDNLAWYQQKPGKAPKLLIYGASNLESGVPSRFSGSGSGTDFTLTISSLQPEDFANYYCHQYATYPWTFGGGTKVEIK,QVQLVQSGAEVKKPGASVKVSCKVSGYSFTDHSIHWVRQAPGKGLEWMGGINPYTGDTIYAQKFQGRVTMTEDTSTDTAYMELSSLKSEDTAVYYCARDGYGDYRGLYGMDVWGQGTTVTVSS,GYSFTDHS,INPYTGDT,ARDGYGDYRGLYGMDV,QDISDN,GASNLES,HQYATYPWT,0.027074132,0.011353315,QVQLVQSGAEVKKPGASVKVSCKVSGYSFTDHSIHWVRQAPGKGLEWMGGINPYTGDTIYAQKFQGRVTMTEDTSTDTAYMELSSLKSEDTAVYYCARDGYGDYRGLYGMDVWGQGTTVTVSS:DIQMTQSPSSVSASVGDRVTITCRASQDISDNLAWYQQKPGKAPKLLIYGASNLESGVPSRFSGSGSGTDFTLTISSLQPEDFANYYCHQYATYPWTFGGGTKVEIK,0.12140334721948817,2,train
True,1.0,,5.83e-10,360442.226,0.000210138,DIQMTQSPSSVSASVGDRVTITCRASEGISNYLAWYQQKPGKAPKLLIYGASDRPSGVPSRFSGSGSGTDFTLTISSLQPEDFANYYCHQYAAYPWTFGGGTKVEIK,QVQLVQSGAEVKKPGASVKVSCKVSGYPFTRSTIHWVRQAPGKGLEWMGGINAGTGDTIYAQKFQGRVTMTEDTSTDTAYMELSSLKSEDTAVYYCARDGYSSGYYGMDVWGQGTTVTVSS,GYPFTRST,INAGTGDT,ARDGYSSGYYGMDV,EGISNY,GASDRPS,HQYAAYPWT,0.011844933,0.002270663,QVQLVQSGAEVKKPGASVKVSCKVSGYPFTRSTIHWVRQAPGKGLEWMGGINAGTGDTIYAQKFQGRVTMTEDTSTDTAYMELSSLKSEDTAVYYCARDGYSSGYYGMDVWGQGTTVTVSS:DIQMTQSPSSVSASVGDRVTITCRASEGISNYLAWYQQKPGKAPKLLIYGASDRPSGVPSRFSGSGSGTDFTLTISSLQPEDFANYYCHQYAAYPWTFGGGTKVEIK,0.19448550284928132,3,train
True,1.0,,1.08e-10,280577.8184,3.04e-05,DIQMTQSPSSVSASVGDRVTITCRASQGIDNYLAWYQQKPGKAPKLLIYGASNRAIGIPSRFSGSGSGTDFTLTISSLQPEDFANYYCHQYATYPWTFGGGTKVEIK,QVQLVQSGAEVKKPGASVKVSCKVSGYSFTDHSIHWVRQAPGKGLEWMGGINPYTGDTIYAQKFQGRVTMTEDTSTDTAYMELSSLKSEDTAVYYCARDAYPGYYGMDVWGPGTLVTVSS,GYSFTDHS,INPYTGDT,ARDAYPGYYGMDV,QGIDNY,GASNRAI,HQYATYPWT,0.0050764,0.0,QVQLVQSGAEVKKPGASVKVSCKVSGYSFTDHSIHWVRQAPGKGLEWMGGINPYTGDTIYAQKFQGRVTMTEDTSTDTAYMELSSLKSEDTAVYYCARDAYPGYYGMDVWGPGTLVTVSS:DIQMTQSPSSVSASVGDRVTITCRASQGIDNYLAWYQQKPGKAPKLLIYGASNRAIGIPSRFSGSGSGTDFTLTISSLQPEDFANYYCHQYATYPWTFGGGTKVEIK,0.08814176063344265,1,train
True,1.0,,1.7e-09,214949.4957,0.000364724,DIQMTQSPSSVSASVGDRVTITCRASQNIGTYLAWYQQKPGKAPKLLIYEANKRPSGVPSRFSGSGSGTDFTLTISSLQPEDFANYYCQQYAGFPWSFGGGTKVEIK,QVQLVQSGAEVKKPGASVKVSCKVSGDTFSNHAIHWVRQAPGKGLEWMGGISPYKGDTIYAQKFQGRVTMTEDTSTDTAYMELSSLKSEDTAVYYCARDAYGERPDYYYYGMDVWGQGTTVTVSS,GDTFSNHA,ISPYKGDT,ARDAYGERPDYYYYGMDV,QNIGTY,EANKRPS,QQYAGFPWS,0.0,0.011353315,QVQLVQSGAEVKKPGASVKVSCKVSGDTFSNHAIHWVRQAPGKGLEWMGGISPYKGDTIYAQKFQGRVTMTEDTSTDTAYMELSSLKSEDTAVYYCARDAYGERPDYYYYGMDVWGQGTTVTVSS:DIQMTQSPSSVSASVGDRVTITCRASQNIGTYLAWYQQKPGKAPKLLIYEANKRPSGVPSRFSGSGSGTDFTLTISSLQPEDFANYYCQQYAGFPWSFGGGTKVEIK,0.2619854475998308,6,train
True,1.0,,2.68e-10,315893.3542,8.46e-05,DIQMTQSPSSVSASVGDRVTITCRASQNINDYLAWYQQKPGKAPKLLIYGASNLASGVPSRFSGSGSGTDFTLTISSLQPEDFANYYCHQYATYPWTFGGGTKVEIK,QVQLVQSGAEVKKPGASVKVSCKVSGYTFSNHAIHWVRQAPGKGLEWMGGINPNIGDTIYAQKFQGRVTMTEDTSTDTAYMELSSLKSEDTAVYYCARDGYSYGYLSGMDVWGQGTTVTVSS,GYTFSNHA,INPNIGDT,ARDGYSYGYLSGMDV,QNINDY,GASNLAS,HQYATYPWT,0.020305599,0.006811989,QVQLVQSGAEVKKPGASVKVSCKVSGYTFSNHAIHWVRQAPGKGLEWMGGINPNIGDTIYAQKFQGRVTMTEDTSTDTAYMELSSLKSEDTAVYYCARDGYSYGYLSGMDVWGQGTTVTVSS:DIQMTQSPSSVSASVGDRVTITCRASQNINDYLAWYQQKPGKAPKLLIYGASNLASGVPSRFSGSGSGTDFTLTISSLQPEDFANYYCHQYATYPWTFGGGTKVEIK,0.1454655531331194,2,train
True,,,8.54e-10,307054.1407,0.00026226,DIQMTQSPSSVSASVGDRVTITCRASQDIGNHLAWYQQKPGKAPKLLIYASSNLASGVPSRFSGSGSGTDFTLTISSLQPEDFANYYCHQYATYPWTFGGGTKVEIK,QVQLVQSGAEVKKPGASVKVSCKVSGYSFSTYTIHWVRQAPGKGLEWMGGINPYTGDTIYAQKFQGRVTMTEDTSTDTAYMELSSLKSEDTAVYYCARDGYSGYESSYYYYGMDVWGQGTTVTVSS,GYSFSTYT,INPYTGDT,ARDGYSGYESSYYYYGMDV,QDIGNH,ASSNLAS,HQYATYPWT,0.001692133,0.0,QVQLVQSGAEVKKPGASVKVSCKVSGYSFSTYTIHWVRQAPGKGLEWMGGINPYTGDTIYAQKFQGRVTMTEDTSTDTAYMELSSLKSEDTAVYYCARDGYSGYESSYYYYGMDVWGQGTTVTVSS:DIQMTQSPSSVSASVGDRVTITCRASQDIGNHLAWYQQKPGKAPKLLIYASSNLASGVPSRFSGSGSGTDFTLTISSLQPEDFANYYCHQYATYPWTFGGGTKVEIK,0.21856304671565777,5,train
True,1.0,,1.27e-09,263407.3315,0.000335821,DIQMTQSPSSVSASVGDRVTITCRASRDISSYLAWYQQKPGKAPKLLIYGASTRASGVPSRFSGSGSGTDFTLTISSLQPEDFANYYCHQYATYPWTFGGGTKVEIK,QVQLVQSGAEVKKPGASVKVSCKVSGYSFTDHSIHWVRQAPGKGLEWMGGINPYTGDTIYAQKFQGRVTMTEDTSTDTAYMELSSLKSEDTAVYYCARDAWGRPGTYCGGDCPYSGMDVWGQGTTVTVSS,GYSFTDHS,INPYTGDT,ARDAWGRPGTYCGGDCPYSGMDV,RDISSY,GASTRAS,HQYATYPWT,0.016921333,0.006811989,QVQLVQSGAEVKKPGASVKVSCKVSGYSFTDHSIHWVRQAPGKGLEWMGGINPYTGDTIYAQKFQGRVTMTEDTSTDTAYMELSSLKSEDTAVYYCARDAWGRPGTYCGGDCPYSGMDVWGQGTTVTVSS:DIQMTQSPSSVSASVGDRVTITCRASRDISSYLAWYQQKPGKAPKLLIYGASTRASGVPSRFSGSGSGTDFTLTISSLQPEDFANYYCHQYATYPWTFGGGTKVEIK,0.2435927945417649,5,train
True,1.0,,1e-06,,,DIQMTQSPSSVSASVGDRVTITCRASQSISGHLAWYQQKPGKAPKLLIYGASNRAIGIPSRFSGSGSGTDFTLTISSLQPEDFANYYCHQYATYPWTFGGGTKVEIK,QVQLVQSGAEVKKPGASVKVSCKVSGYSFTDHSIHWVRQAPGKGLEWMGGINPYTGDTIYAQKFQGRVTMTEDTSTDTAYMELSSLKSEDTAVYYCARDAYPGYYGMDVWGQGTTVTVSS,GYSFTDHS,INPYTGDT,ARDAYPGYYGMDV,QSISGH,GASNRAI,HQYATYPWT,0.059224665,0.013623978,QVQLVQSGAEVKKPGASVKVSCKVSGYSFTDHSIHWVRQAPGKGLEWMGGINPYTGDTIYAQKFQGRVTMTEDTSTDTAYMELSSLKSEDTAVYYCARDAYPGYYGMDVWGQGTTVTVSS:DIQMTQSPSSVSASVGDRVTITCRASQSISGHLAWYQQKPGKAPKLLIYGASNRAIGIPSRFSGSGSGTDFTLTISSLQPEDFANYYCHQYATYPWTFGGGTKVEIK,0.6642067078277463,8,train
True,1.0,,1.8e-09,316203.4636,0.000569089,DIQMTQSPSSVSASVGDRVTITCRASQDIGNHLAWYQQKPGKAPKLLIYASSNLASGVPSRFSGSGSGTDFTLTISSLQPEDFANYYCHQYATYPWTFGGGTKVEIK,QVQLVQSGAEVKKPGASVKVSCKVSGYSFTDHSIHWVRQAPGKGLEWMGGINPYTGDTIYAQKFQGRVTMTEDTSTDTAYMELSSLKSEDTAVYYCAKDGWGSLLNGIAVAGLDYWGQGTLVTVSS,GYSFTDHS,INPYTGDT,AKDGWGSLLNGIAVAGLDY,QDIGNH,ASSNLAS,HQYATYPWT,1.140497826,1.314713896,QVQLVQSGAEVKKPGASVKVSCKVSGYSFTDHSIHWVRQAPGKGLEWMGGINPYTGDTIYAQKFQGRVTMTEDTSTDTAYMELSSLKSEDTAVYYCAKDGWGSLLNGIAVAGLDYWGQGTLVTVSS:DIQMTQSPSSVSASVGDRVTITCRASQDIGNHLAWYQQKPGKAPKLLIYASSNLASGVPSRFSGSGSGTDFTLTISSLQPEDFANYYCHQYATYPWTFGGGTKVEIK,0.2655905709016998,6,train
True,1.0,,5.87e-10,391944.9325,0.000230117,DIQMTQSPSSVSASVGDRVTITCRASQNIHSYLAWYQQKPGKAPKLLIYAASSLASGVPSRFSGSGSGTDFTLTISSLQPEDFANYYCHQYSSYPHTFGGGTKVEIK,QVQLVQSGAEVKKPGASVKVSCKVSGYPFTNYAIHWVRQAPGKGLEWMGGINPNIGDTIYAQKFQGRVTMTEDTSTDTAYMELSSLKSEDTAVYYCARDERDYSFDYWGQGTLVTVSS,GYPFTNYA,INPNIGDT,ARDERDYSFDY,QNIHSY,AASSLAS,HQYSSYPHT,0.008460666,0.006811989,QVQLVQSGAEVKKPGASVKVSCKVSGYPFTNYAIHWVRQAPGKGLEWMGGINPNIGDTIYAQKFQGRVTMTEDTSTDTAYMELSSLKSEDTAVYYCARDERDYSFDYWGQGTLVTVSS:DIQMTQSPSSVSASVGDRVTITCRASQNIHSYLAWYQQKPGKAPKLLIYAASSLASGVPSRFSGSGSGTDFTLTISSLQPEDFANYYCHQYSSYPHTFGGGTKVEIK,0.19491676939647373,3,train
True,1.0,,6.38e-10,293720.1174,0.000187263,DIQMTQSPSSVSASVGDRVTITCRASRDISSYLAWYQQKPGKAPKLLIYASSNLASGVPSRFSGSGSGTDFTLTISSLQPEDFANYYCHQYATYPWTFGGGTKVEIK,QVQLVQSGAEVKKPGASVKVSCKVSGYSFTDHSIHWVRQAPGKGLEWMGGINPYTGDTIYAQKFQGRVTMTEDTSTDTAYMELSSLKSEDTAVYYCARDGYGSTAGLDYWGNGTLVTVSS,GYSFTDHS,INPYTGDT,ARDGYGSTAGLDY,RDISSY,ASSNLAS,HQYATYPWT,0.001692133,0.004541326,QVQLVQSGAEVKKPGASVKVSCKVSGYSFTDHSIHWVRQAPGKGLEWMGGINPYTGDTIYAQKFQGRVTMTEDTSTDTAYMELSSLKSEDTAVYYCARDGYGSTAGLDYWGNGTLVTVSS:DIQMTQSPSSVSASVGDRVTITCRASRDISSYLAWYQQKPGKAPKLLIYASSNLASGVPSRFSGSGSGTDFTLTISSLQPEDFANYYCHQYATYPWTFGGGTKVEIK,0.20017155672357628,4,train
True,1.0,,8.56e-11,323494.3437,2.77e-05,DIQMTQSPSSVSASVGDRVTITCRASQGISKYLAWYQQKPGKAPKLLIYEASTLKPGVPSRFSGSGSGTDFTLTISSLQPEDFANYYCHQYAAYPWTFGGGTKVEIK,QVQLVQSGAEVKKPGASVKVSCKVSGYPFTRSTIHWVRQAPGKGLEWMGGINAGTGDTIYAQKFQGRVTMTEDTSTDTAYMELSSLKSEDTAVYYCARDGYSSGYYGMDVWGQGTTVTVSS,GYPFTRST,INAGTGDT,ARDGYSSGYYGMDV,QGISKY,EASTLKP,HQYAAYPWT,0.015229199,0.018165304,QVQLVQSGAEVKKPGASVKVSCKVSGYPFTRSTIHWVRQAPGKGLEWMGGINAGTGDTIYAQKFQGRVTMTEDTSTDTAYMELSSLKSEDTAVYYCARDGYSSGYYGMDVWGQGTTVTVSS:DIQMTQSPSSVSASVGDRVTITCRASQGISKYLAWYQQKPGKAPKLLIYEASTLKPGVPSRFSGSGSGTDFTLTISSLQPEDFANYYCHQYAAYPWTFGGGTKVEIK,0.07348081690254753,1,train
True,1.0,28F,1e-06,,,DIQMTQSPSSVSASVGDRVTITCRASHSISNYLAWYQQKPGKAPKLLIYGASSRATGVPSRFSGSGSGTDFTLTISSLQPEDFANYYCHQYATYPWTFGGGTKVEIK,QVQLVQSGAEVKKPGASVKVSCKVSGYSFTDHSIHWVRQAPGKGLEWMGGINPYTGDTIYAQKFQGRVTMTEDTSTDTAYMELSSLKSEDTAVYYCARDGYDFWSGSYGMDVWGQGTTVTVSS,GYSFTDHS,INPYTGDT,ARDGYDFWSGSYGMDV,HSISNY,GASSRAT,HQYATYPWT,0.008460666,0.024977293,QVQLVQSGAEVKKPGASVKVSCKVSGYSFTDHSIHWVRQAPGKGLEWMGGINPYTGDTIYAQKFQGRVTMTEDTSTDTAYMELSSLKSEDTAVYYCARDGYDFWSGSYGMDVWGQGTTVTVSS:DIQMTQSPSSVSASVGDRVTITCRASHSISNYLAWYQQKPGKAPKLLIYGASSRATGVPSRFSGSGSGTDFTLTISSLQPEDFANYYCHQYATYPWTFGGGTKVEIK,0.6642067078277463,8,train
True,1.0,,3.03e-09,396675.0604,0.00120315,EIVMTQSPATLSLSPGERATLSCRASRSIGSNLAWYQQKPGQAPRLLIYDATSRAAGIPARFSGSGSGTDFTLTISSLQPEDFANYYCQQYGAYPWTFGGGTKVEIK,QVQLVQSGAEVKKPGASVKVSCKVSGYTFTSHAIHWVRQAPGKGLEWMGGISPYRGDTIYAQKFQGRVTMTEDTSTDTAYMELSSLKSEDTAVYYCARDGYSGYESSYYYYGMDVWGQGTTVTVSS,GYTFTSHA,ISPYRGDT,ARDGYSGYESSYYYYGMDV,RSIGSN,DATSRAA,QQYGAYPWT,0.015229199,0.009082652,QVQLVQSGAEVKKPGASVKVSCKVSGYTFTSHAIHWVRQAPGKGLEWMGGISPYRGDTIYAQKFQGRVTMTEDTSTDTAYMELSSLKSEDTAVYYCARDGYSGYESSYYYYGMDVWGQGTTVTVSS:EIVMTQSPATLSLSPGERATLSCRASRSIGSNLAWYQQKPGQAPRLLIYDATSRAAGIPARFSGSGSGTDFTLTISSLQPEDFANYYCQQYGAYPWTFGGGTKVEIK,0.2984372054200709,6,train
True,,,1e-06,,,DIQMTQSPSSVSASVGDRVTITCRASQNIRNYLAWYQQKPGKAPKLLIYGASKLETGVPSRFSGSGSGTDFTLTISSLQPEDFANYYCRQYESLPYTFGGGTKVEIK,QVQLVQSGAEVKKPGASVKVSCKVSGYPFTSSYIHWVRQAPGKGLEWMGGINIVSGDTIYAQKFQGRVTMTEDTSTDTAYMELSSLKSEDTAVYYCVKSAGSGYPLWGQGTLVTVSS,GYPFTSSY,INIVSGDT,VKSAGSGYPL,QNIRNY,GASKLET,RQYESLPYT,0.001692133,0.0,QVQLVQSGAEVKKPGASVKVSCKVSGYPFTSSYIHWVRQAPGKGLEWMGGINIVSGDTIYAQKFQGRVTMTEDTSTDTAYMELSSLKSEDTAVYYCVKSAGSGYPLWGQGTLVTVSS:DIQMTQSPSSVSASVGDRVTITCRASQNIRNYLAWYQQKPGKAPKLLIYGASKLETGVPSRFSGSGSGTDFTLTISSLQPEDFANYYCRQYESLPYTFGGGTKVEIK,0.6642067078277463,8,train
True,1.0,,1.33e-09,324829.3613,0.000431368,DIQMTQSPSSVSASVGDRVTITCRASQDIGNHLAWYQQKPGKAPKLLIYASSNLASGVPSRFSGSGSGTDFTLTISSLQPEDFANYYCHQYATYPWTFGGGTKVEIK,QVQLVQSGAEVKKPGASVKVSCKVSGYSFTDHSIHWVRQAPGKGLEWMGGINPYTGDTIYAQKFQGRVTMTEDTSTDTAYMELSSLKSEDTAVYYCARDGYCSGGSCYGYYYGMDVWGQGTTVTVSS,GYSFTDHS,INPYTGDT,ARDGYCSGGSCYGYYYGMDV,QDIGNH,ASSNLAS,HQYATYPWT,0.006768533,0.02270663,QVQLVQSGAEVKKPGASVKVSCKVSGYSFTDHSIHWVRQAPGKGLEWMGGINPYTGDTIYAQKFQGRVTMTEDTSTDTAYMELSSLKSEDTAVYYCARDGYCSGGSCYGYYYGMDVWGQGTTVTVSS:DIQMTQSPSSVSASVGDRVTITCRASQDIGNHLAWYQQKPGKAPKLLIYASSNLASGVPSRFSGSGSGTDFTLTISSLQPEDFANYYCHQYATYPWTFGGGTKVEIK,0.2465043493110806,5,train
True,1.0,,3.33e-11,300076.164,1e-05,DIQMTQSPSSVSASVGDRVTITCRASQNIHSYLAWYQQKPGKAPKLLIYDASILASGVPSRFSGSGSGTDFTLTISSLQPEDFANYYCQQYSTHSWTFGGGTKVEIK,QVQLVQSGAEVKKPGASVKVSCKVSGYPFTRSTIHWVRQAPGKGLEWMGGINAGTGDTIYAQKFQGRVTMTEDTSTDTAYMELSSLKSEDTAVYYCARDGYSSGYYGMDVWGQGTTVTVSS,GYPFTRST,INAGTGDT,ARDGYSSGYYGMDV,QNIHSY,DASILAS,QQYSTHSWT,0.015229199,0.004541326,QVQLVQSGAEVKKPGASVKVSCKVSGYPFTRSTIHWVRQAPGKGLEWMGGINAGTGDTIYAQKFQGRVTMTEDTSTDTAYMELSSLKSEDTAVYYCARDGYSSGYYGMDVWGQGTTVTVSS:DIQMTQSPSSVSASVGDRVTITCRASQNIHSYLAWYQQKPGKAPKLLIYDASILASGVPSRFSGSGSGTDFTLTISSLQPEDFANYYCQQYSTHSWTFGGGTKVEIK,0.013932323274378792,0,train
True,1.0,,5.87e-10,221009.3053,0.00012968,DIQMTQSPSSVSASVGDRVTITCRASQDIGHYLAWYQQKPGKAPKLLIYDTSKLQSGVPSRFSGSGSGTDFTLTISSLQPEDFANYYCQEYSSYPWTFGGGTKVEIK,QVQLVQSGAEVKKPGASVKVSCKVSGYIFSNHAIHWVRQAPGKGLEWMGGISPSAGDTIYAQKFQGRVTMTEDTSTDTAYMELSSLKSEDTAVYYCARDGYSYGYLSGMDVWGQGTTVTVSS,GYIFSNHA,ISPSAGDT,ARDGYSYGYLSGMDV,QDIGHY,DTSKLQS,QEYSSYPWT,0.008460666,0.002270663,QVQLVQSGAEVKKPGASVKVSCKVSGYIFSNHAIHWVRQAPGKGLEWMGGISPSAGDTIYAQKFQGRVTMTEDTSTDTAYMELSSLKSEDTAVYYCARDGYSYGYLSGMDVWGQGTTVTVSS:DIQMTQSPSSVSASVGDRVTITCRASQDIGHYLAWYQQKPGKAPKLLIYDTSKLQSGVPSRFSGSGSGTDFTLTISSLQPEDFANYYCQEYSSYPWTFGGGTKVEIK,0.19491676939647373,3,train
True,1.0,,3.59e-11,278918.453,1e-05,DIQMTQSPSSVSASVGDRVTITCRASQNIHSYLAWYQQKPGKAPKLLIYEASTLKPGVPSRFSGSGSGTDFTLTISSLQPEDFANYYCHQYAAYPWTFGGGTKVEIK,QVQLVQSGAEVKKPGASVKVSCKVSGYPFTRSTIHWVRQAPGKGLEWMGGINAGTGDTIYAQKFQGRVTMTEDTSTDTAYMELSSLKSEDTAVYYCARDGYSSGYYGMDVWGQGTTVTVSS,GYPFTRST,INAGTGDT,ARDGYSSGYYGMDV,QNIHSY,EASTLKP,HQYAAYPWT,0.142139195,0.056766576,QVQLVQSGAEVKKPGASVKVSCKVSGYPFTRSTIHWVRQAPGKGLEWMGGINAGTGDTIYAQKFQGRVTMTEDTSTDTAYMELSSLKSEDTAVYYCARDGYSSGYYGMDVWGQGTTVTVSS:DIQMTQSPSSVSASVGDRVTITCRASQNIHSYLAWYQQKPGKAPKLLIYEASTLKPGVPSRFSGSGSGTDFTLTISSLQPEDFANYYCHQYAAYPWTFGGGTKVEIK,0.018674106429902686,0,train
True,1.0,27F,6.05e-10,326567.1505,0.000197688,DIQMTQSPSSVSASVGDRVTITCRASQAIGNELAWYQQKPGKAPKLLIYRASSLASGVPSRFSGSGSGTDFTLTISSLQPEDFANYYCHQYATYPWTFGGGTKVEIK,QVQLVQSGAEVKKPGASVKVSCKVSGYSFTDHSIHWVRQAPGKGLEWMGGINPYTGDTIYAQKFQGRVTMTEDTSTDTAYMELSSLKSEDTAVYYCARDGYGDYRGLYGMDVWGQGAQVTVSS,GYSFTDHS,INPYTGDT,ARDGYGDYRGLYGMDV,QAIGNE,RASSLAS,HQYATYPWT,0.006768533,0.013623978,QVQLVQSGAEVKKPGASVKVSCKVSGYSFTDHSIHWVRQAPGKGLEWMGGINPYTGDTIYAQKFQGRVTMTEDTSTDTAYMELSSLKSEDTAVYYCARDGYGDYRGLYGMDVWGQGAQVTVSS:DIQMTQSPSSVSASVGDRVTITCRASQAIGNELAWYQQKPGKAPKLLIYRASSLASGVPSRFSGSGSGTDFTLTISSLQPEDFANYYCHQYATYPWTFGGGTKVEIK,0.19682178796803232,4,train
True,1.0,,6.8e-10,308079.9348,0.000209472,DIQMTQSPSSVSASVGDRVTITCRASQGISPYLAWYQQKPGKAPKLLIYDASNLASGVPSRFSGSGSGTDFTLTISSLQPEDFANYYCHQYATYPWTFGGGTKVEIK,QVQLVQSGAEVKKPGASVKVSCKVSGYTFSNHAIHWVRQAPGKGLEWMGGINPNIGDTIYAQKFQGRVTMTEDTSTDTAYMELSSLKSEDTAVYYCARDGYPGDYSGLDVWGQGTTVTVSS,GYTFSNHA,INPNIGDT,ARDGYPGDYSGLDV,QGISPY,DASNLAS,HQYATYPWT,0.021997733,0.004541326,QVQLVQSGAEVKKPGASVKVSCKVSGYTFSNHAIHWVRQAPGKGLEWMGGINPNIGDTIYAQKFQGRVTMTEDTSTDTAYMELSSLKSEDTAVYYCARDGYPGDYSGLDVWGQGTTVTVSS:DIQMTQSPSSVSASVGDRVTITCRASQGISPYLAWYQQKPGKAPKLLIYDASNLASGVPSRFSGSGSGTDFTLTISSLQPEDFANYYCHQYATYPWTFGGGTKVEIK,0.20419271251771462,4,train
True,2.0,47F,6.28e-10,290694.7111,0.000182545,DIQMTQSPSSVSASVGDRVTITCRASEDIRNYLAWYQQKPGKAPKLLIYGASNRAIGIPSRFSGSGSGTDFTLTISSLQPEDFANYYCHQYATYPWTFGGGTKVEIK,QVQLVQSGAEVKKPGASVKVSCKVSGYSFTDHSIHWVRQAPGKGLEWMGGINPYTGDTIYAQKFQGRVTMTEDTSTDTAYMELSSLKSEDTAVYYCARDGYYYDSSGLPTGDAFDIWGQGTMVTVSS,GYSFTDHS,INPYTGDT,ARDGYYYDSSGLPTGDAFDI,EDIRNY,GASNRAI,HQYATYPWT,0.023689866,0.013623978,QVQLVQSGAEVKKPGASVKVSCKVSGYSFTDHSIHWVRQAPGKGLEWMGGINPYTGDTIYAQKFQGRVTMTEDTSTDTAYMELSSLKSEDTAVYYCARDGYYYDSSGLPTGDAFDIWGQGTMVTVSS:DIQMTQSPSSVSASVGDRVTITCRASEDIRNYLAWYQQKPGKAPKLLIYGASNRAIGIPSRFSGSGSGTDFTLTISSLQPEDFANYYCHQYATYPWTFGGGTKVEIK,0.1991751302055675,4,train
True,1.0,,4.25e-10,229723.18,9.77e-05,DIQMTQSPSSVSASVGDRVTITCRASQDIGNHLAWYQQKPGKAPKLLIYASSNLASGVPSRFSGSGSGTDFTLTISSLQPEDFANYYCHQYATYPWTFGGGTKVEIK,QVQLVQSGAEVKKPGASVKVSCKVSGYSFTDHSIHWVRQAPGKGLEWMGGINPYTGDTIYAQKFQGRVTMTEDTSTDTAYMELSSLKSEDTAVYYCARDGYYGSGTVGYYGMDVWGQGTTVTVSS,GYSFTDHS,INPYTGDT,ARDGYYGSGTVGYYGMDV,QDIGNH,ASSNLAS,HQYATYPWT,1.152342759,1.852861035,QVQLVQSGAEVKKPGASVKVSCKVSGYSFTDHSIHWVRQAPGKGLEWMGGINPYTGDTIYAQKFQGRVTMTEDTSTDTAYMELSSLKSEDTAVYYCARDGYYGSGTVGYYGMDVWGQGTTVTVSS:DIQMTQSPSSVSASVGDRVTITCRASQDIGNHLAWYQQKPGKAPKLLIYASSNLASGVPSRFSGSGSGTDFTLTISSLQPEDFANYYCHQYATYPWTFGGGTKVEIK,0.17454841482076625,3,train
True,1.0,,1e-06,,,DIQMTQSPSSVSASVGDRVTITCRASQNIFRYLAWYQQKPGKAPKLLIYDTFNRATGVPSRFSGSGSGTDFTLTISSLQPEDFANYYCQQYDQYPITFGGGTKVEIK,QVQLVQSGAEVKKPGASVKVSCKVSGYTSPATIHWVRQAPGKGLEWMGGISPYKGDTIYAQKFQGRVTMTEDTSTDTAYMELSSLKSEDTAVYYCARLPSGSNTPDYWGQGTLVTVSS,GYTSPAT,ISPYKGDT,ARLPSGSNTPDY,QNIFRY,DTFNRAT,QQYDQYPIT,0.008460666,0.011353315,QVQLVQSGAEVKKPGASVKVSCKVSGYTSPATIHWVRQAPGKGLEWMGGISPYKGDTIYAQKFQGRVTMTEDTSTDTAYMELSSLKSEDTAVYYCARLPSGSNTPDYWGQGTLVTVSS:DIQMTQSPSSVSASVGDRVTITCRASQNIFRYLAWYQQKPGKAPKLLIYDTFNRATGVPSRFSGSGSGTDFTLTISSLQPEDFANYYCQQYDQYPITFGGGTKVEIK,0.6642067078277463,8,train
True,1.0,27F,4.24e-10,283856.0126,0.000120366,DIQMTQSPSSVSASVGDRVTITCRASQSIGSFLAWYQQKPGKAPKLLIYGASNRAIGIPSRFSGSGSGTDFTLTISSLQPEDFANYYCHQYATYPWTFGGGTKVEIK,QVQLVQSGAEVKKPGASVKVSCKVSGYSFTDHSIHWVRQAPGKGLEWMGGINPYTGDTIYAQKFQGRVTMTEDTSTDTAYMELSSLKSEDTAVYYCARDGYGDYRGLYGMDVWGQGTTVTVSS,GYSFTDHS,INPYTGDT,ARDGYGDYRGLYGMDV,QSIGSF,GASNRAI,HQYATYPWT,0.006768533,0.006811989,QVQLVQSGAEVKKPGASVKVSCKVSGYSFTDHSIHWVRQAPGKGLEWMGGINPYTGDTIYAQKFQGRVTMTEDTSTDTAYMELSSLKSEDTAVYYCARDGYGDYRGLYGMDVWGQGTTVTVSS:DIQMTQSPSSVSASVGDRVTITCRASQSIGSFLAWYQQKPGKAPKLLIYGASNRAIGIPSRFSGSGSGTDFTLTISSLQPEDFANYYCHQYATYPWTFGGGTKVEIK,0.17439983410001708,3,train
True,1.0,,1.37e-09,269308.5489,0.000368043,DIQMTQSPSSVSASVGDRVTITCRASQDIKNYLAWYQQKPGKAPKLLIYEASKLQSGVPSRFSGSGSGTDFTLTISSLQPEDFANYYCHQYATYPWTFGGGTKVEIK,QVQLVQSGAEVKKPGASVKVSCKVSGYSFTDHSIHWVRQAPGKGLEWMGGINPYTGDTIYAQKFQGRVTMTEDTSTDTAYMELSSLKSEDTAVYYCARDAYSGSYPYYYYGMDVWGQGTTVTVSS,GYSFTDHS,INPYTGDT,ARDAYSGSYPYYYYGMDV,QDIKNY,EASKLQS,HQYATYPWT,0.0050764,0.018165304,QVQLVQSGAEVKKPGASVKVSCKVSGYSFTDHSIHWVRQAPGKGLEWMGGINPYTGDTIYAQKFQGRVTMTEDTSTDTAYMELSSLKSEDTAVYYCARDAYSGSYPYYYYGMDVWGQGTTVTVSS:DIQMTQSPSSVSASVGDRVTITCRASQDIKNYLAWYQQKPGKAPKLLIYEASKLQSGVPSRFSGSGSGTDFTLTISSLQPEDFANYYCHQYATYPWTFGGGTKVEIK,0.24837330047417855,5,train
True,1.0,,1.22e-09,342255.754,0.000418119,DIQMTQSPSSVSASVGDRVTITCRASQDIGNHLAWYQQKPGKAPKLLIYASSNLASGVPSRFSGSGSGTDFTLTISSLQPEDFANYYCHQYATYPWTFGGGTKVEIK,QVQLVQSGAEVKKPGASVKVSCKVSGYSFTDHSIHWVRQAPGKGLEWMGGINPYTGDTIYAQKFQGRVTMTEDTSTDTAYMELSSLKSEDTAVYYCARDGYYYDSSGSRGEYYYYGMDVWGQGTTVTVSS,GYSFTDHS,INPYTGDT,ARDGYYYDSSGSRGEYYYYGMDV,QDIGNH,ASSNLAS,HQYATYPWT,0.08291453,0.027247956,QVQLVQSGAEVKKPGASVKVSCKVSGYSFTDHSIHWVRQAPGKGLEWMGGINPYTGDTIYAQKFQGRVTMTEDTSTDTAYMELSSLKSEDTAVYYCARDGYYYDSSGSRGEYYYYGMDVWGQGTTVTVSS:DIQMTQSPSSVSASVGDRVTITCRASQDIGNHLAWYQQKPGKAPKLLIYASSNLASGVPSRFSGSGSGTDFTLTISSLQPEDFANYYCHQYATYPWTFGGGTKVEIK,0.24105942240562916,5,train
True,1.0,,1.48e-08,253118.6641,0.003737792,DIQMTQSPSSVSASVGDRVTITCRASQDIGNHLAWYQQKPGKAPKLLIYGTTSRVAGVPSRFSGSGSGTDFTLTISSLQPEDFANYYCQQYKTYAWTFGGGTKVEIK,QVQLVQSGAEVKKPGASVKVSCKVSGYTFTDHAIHWVRQAPGKGLEWMGGITPYNADTIYAQKFQGRVTMTEDTSTDTAYMELSSLKSEDTAVYYCARDYGDYELYGMDVWGQGTTVTVSS,GYTFTDHA,ITPYNADT,ARDYGDYELYGMDV,QDIGNH,GTTSRVA,QQYKTYAWT,0.0050764,0.004541326,QVQLVQSGAEVKKPGASVKVSCKVSGYTFTDHAIHWVRQAPGKGLEWMGGITPYNADTIYAQKFQGRVTMTEDTSTDTAYMELSSLKSEDTAVYYCARDYGDYELYGMDVWGQGTTVTVSS:DIQMTQSPSSVSASVGDRVTITCRASQDIGNHLAWYQQKPGKAPKLLIYGTTSRVAGVPSRFSGSGSGTDFTLTISSLQPEDFANYYCQQYKTYAWTFGGGTKVEIK,0.3984742415078412,7,train
True,1.0,,2.09e-08,123430.5496,0.002581307,DIQMTQSPSSVSASVGDRVTITCRASQDIGNHLAWYQQKPGKAPKLLIYASSNLASGVPSRFSGSGSGTDFTLTISSLQPEDFANYYCHQYATYPWTFGGGTKVEIK,QVQLVQSGAEVKKPGASVKVSCKVSGYSFTDHSIHWVRQAPGKGLEWMGGINPYTGDTIYAQKFQGRVTMTEDTSTDTAYMELSSLKSEDTAVYYCARDGGNWAAPYSMDVWGNGTLVTVSS,GYSFTDHS,INPYTGDT,ARDGGNWAAPYSMDV,QDIGNH,ASSNLAS,HQYATYPWT,0.091375197,0.09763851,QVQLVQSGAEVKKPGASVKVSCKVSGYSFTDHSIHWVRQAPGKGLEWMGGINPYTGDTIYAQKFQGRVTMTEDTSTDTAYMELSSLKSEDTAVYYCARDGGNWAAPYSMDVWGNGTLVTVSS:DIQMTQSPSSVSASVGDRVTITCRASQDIGNHLAWYQQKPGKAPKLLIYASSNLASGVPSRFSGSGSGTDFTLTISSLQPEDFANYYCHQYATYPWTFGGGTKVEIK,0.4202419429189126,7,train
True,1.0,,7.99e-11,306557.8307,2.45e-05,DIQMTQSPSSVSASVGDRVTITCRASQGINRYLAWYQQKPGKAPKLLIYEASTLKPGVPSRFSGSGSGTDFTLTISSLQPEDFANYYCHQYAAYPWTFGGGTKVEIK,QVQLVQSGAEVKKPGASVKVSCKVSGYPFTRSTIHWVRQAPGKGLEWMGGINAGTGDTIYAQKFQGRVTMTEDTSTDTAYMELSSLKSEDTAVYYCARDGYSSGYYGMDVWGQGTTVTVSS,GYPFTRST,INAGTGDT,ARDGYSSGYYGMDV,QGINRY,EASTLKP,HQYAAYPWT,0.049071865,0.020435967,QVQLVQSGAEVKKPGASVKVSCKVSGYPFTRSTIHWVRQAPGKGLEWMGGINAGTGDTIYAQKFQGRVTMTEDTSTDTAYMELSSLKSEDTAVYYCARDGYSSGYYGMDVWGQGTTVTVSS:DIQMTQSPSSVSASVGDRVTITCRASQGINRYLAWYQQKPGKAPKLLIYEASTLKPGVPSRFSGSGSGTDFTLTISSLQPEDFANYYCHQYAAYPWTFGGGTKVEIK,0.06913452776547059,1,train
True,1.0,28F,1e-06,,,DIQMTQSPSSVSASVGDRVTITCRASQTIGTYLAWYQQKPGKAPKLLIYMGSGRVSGVPSRFSGSGSGTDFTLTISSLQPEDFANYYCHQYATYPWTFGGGTKVEIK,QVQLVQSGAEVKKPGASVKVSCKVSGYSFTDHSIHWVRQAPGKGLEWMGGINPYTGDTIYAQKFQGRVTMTEDTSTDTAYMELSSLKSEDTAVYYCARDGYDFWSGSYGMDVWGQGTTVTVSS,GYSFTDHS,INPYTGDT,ARDGYDFWSGSYGMDV,QTIGTY,MGSGRVS,HQYATYPWT,0.076145997,0.093097184,QVQLVQSGAEVKKPGASVKVSCKVSGYSFTDHSIHWVRQAPGKGLEWMGGINPYTGDTIYAQKFQGRVTMTEDTSTDTAYMELSSLKSEDTAVYYCARDGYDFWSGSYGMDVWGQGTTVTVSS:DIQMTQSPSSVSASVGDRVTITCRASQTIGTYLAWYQQKPGKAPKLLIYMGSGRVSGVPSRFSGSGSGTDFTLTISSLQPEDFANYYCHQYATYPWTFGGGTKVEIK,0.6642067078277463,8,train
True,1.0,,1e-06,,,DIQMTQSPSSVSASVGDRVTITCRASQYIRNDLAWYQQKPGKAPKLLIYDASSLESGVPSRFSGSGSGTDFTLTISSLQPEDFANYYCQQSNVAPRTFGGGTKVEIK,QVQLVQSGAEVKKPGASVKVSCKVSGYSLTELPIHWVRQAPGKGLEWMGGIIPTLGSAIYAQKFQGRVTMTEDTSTDTAYMELSSLKSEDTAVYYCATGEEMATDYWGQGTLVTVSS,GYSLTELP,IIPTLGSA,ATGEEMATDY,QYIRND,DASSLES,QQSNVAPRT,0.008460666,0.0,QVQLVQSGAEVKKPGASVKVSCKVSGYSLTELPIHWVRQAPGKGLEWMGGIIPTLGSAIYAQKFQGRVTMTEDTSTDTAYMELSSLKSEDTAVYYCATGEEMATDYWGQGTLVTVSS:DIQMTQSPSSVSASVGDRVTITCRASQYIRNDLAWYQQKPGKAPKLLIYDASSLESGVPSRFSGSGSGTDFTLTISSLQPEDFANYYCQQSNVAPRTFGGGTKVEIK,0.6642067078277463,8,train
True,1.0,27F,3.27e-10,282035.1667,9.24e-05,DIQMTQSPSSVSASVGDRVTITCRASQNIDTFLAWYQQKPGKAPKLLIYDAATRATGIPSRFSGSGSGTDFTLTISSLQPEDFANYYCHQYATYPWTFGGGTKVEIK,QVQLVQSGAEVKKPGASVKVSCKVSGYSFTDHSIHWVRQAPGKGLEWMGGINPYTGDTIYAQKFQGRVTMTEDTSTDTAYMELSSLKSEDTAVYYCARDGYGDYRGLYGMDVWGQGTTVTVSS,GYSFTDHS,INPYTGDT,ARDGYGDYRGLYGMDV,QNIDTF,DAATRAT,HQYATYPWT,0.003384267,0.0,QVQLVQSGAEVKKPGASVKVSCKVSGYSFTDHSIHWVRQAPGKGLEWMGGINPYTGDTIYAQKFQGRVTMTEDTSTDTAYMELSSLKSEDTAVYYCARDGYGDYRGLYGMDVWGQGTTVTVSS:DIQMTQSPSSVSASVGDRVTITCRASQNIDTFLAWYQQKPGKAPKLLIYDAATRATGIPSRFSGSGSGTDFTLTISSLQPEDFANYYCHQYATYPWTFGGGTKVEIK,0.15801528705536955,2,train
True,1.0,,3.05e-09,333961.2991,0.001018701,DIQMTQSPSSVSASVGDRVTITCRASQGIGRDLAWYQQKPGKAPKLLIYEASTLKPGVPSRFSGSGSGTDFTLTISSLQPEDFANYYCHQYAAYPWTFGGGTKVEIK,QVQLVQSGAEVKKPGASVKVSCKVSGYPFTRSTIHWVRQAPGKGLEWMGGINAGTGDTIYAQKFQGRVTMTEDTSTDTAYMELSSLKSEDTAVYYCARDGYSSGYYGMDVWGQGTTVTVSS,GYPFTRST,INAGTGDT,ARDGYSSGYYGMDV,QGIGRD,EASTLKP,HQYAAYPWT,1.418007682,0.572207084,QVQLVQSGAEVKKPGASVKVSCKVSGYPFTRSTIHWVRQAPGKGLEWMGGINAGTGDTIYAQKFQGRVTMTEDTSTDTAYMELSSLKSEDTAVYYCARDGYSSGYYGMDVWGQGTTVTVSS:DIQMTQSPSSVSASVGDRVTITCRASQGIGRDLAWYQQKPGKAPKLLIYEASTLKPGVPSRFSGSGSGTDFTLTISSLQPEDFANYYCHQYAAYPWTFGGGTKVEIK,0.2988521574877453,6,train
True,,,1e-06,,,EIVMTQSPATLSLSPGERATLSCRASQSLGTNLAWYQQKPGQAPRLLIYGASSRPSGIPARFSGSGSGTDFTLTISSLEPEDFAVYYCQQYDTHPLSFGGGTKVEIK,QVQLQESGPGLVKPSQTLSLTCTVSGEPLSDHYWSWIRQPPGKGLEWIGYMDTSGSPDYNPSLKSRVTMSVDTSKNQFSLKVNSVTAADTAVYYCARSRARTLATAFDIWGQGTMVTVSS,GEPLSDHY,MDTSGSP,ARSRARTLATAFDI,QSLGTN,GASSRPS,QQYDTHPLS,0.006768533,0.0,QVQLQESGPGLVKPSQTLSLTCTVSGEPLSDHYWSWIRQPPGKGLEWIGYMDTSGSPDYNPSLKSRVTMSVDTSKNQFSLKVNSVTAADTAVYYCARSRARTLATAFDIWGQGTMVTVSS:EIVMTQSPATLSLSPGERATLSCRASQSLGTNLAWYQQKPGQAPRLLIYGASSRPSGIPARFSGSGSGTDFTLTISSLEPEDFAVYYCQQYDTHPLSFGGGTKVEIK,0.6642067078277463,8,train
True,1.0,,1e-06,,,DIQMTQSPSSVSASVGDRVTITCRASQGISQYLAWYQQKPGKAPKLLIYGASTLQAGVPSRFSGSGSGTDFTLTISSLQPEDFANYYCLQYDTYPWTFGGGTKVEIK,QVQLVQSGAEVKKPGASVKVSCKVSGYTFTNYPIHWVRQAPGKGLEWMGGINPKRGDTIYAQKFQGRVTMTEDTSTDTAYMELSSLKSEDTAVYYCARDGVGAPGDYWGQGTLVTVSS,GYTFTNYP,INPKRGDT,ARDGVGAPGDY,QGISQY,GASTLQA,LQYDTYPWT,0.032150532,0.0,QVQLVQSGAEVKKPGASVKVSCKVSGYTFTNYPIHWVRQAPGKGLEWMGGINPKRGDTIYAQKFQGRVTMTEDTSTDTAYMELSSLKSEDTAVYYCARDGVGAPGDYWGQGTLVTVSS:DIQMTQSPSSVSASVGDRVTITCRASQGISQYLAWYQQKPGKAPKLLIYGASTLQAGVPSRFSGSGSGTDFTLTISSLQPEDFANYYCLQYDTYPWTFGGGTKVEIK,0.6642067078277463,8,train
True,1.0,,1.19e-09,279378.3277,0.000332549,DIQMTQSPSSVSASVGDRVTITCRASRSISGYLAWYQQKPGKAPKLLIYEASQRPSGVPSRFSGSGSGTDFTLTISSLQPEDFANYYCQQYSTYPWTFGGGTKVEIK,QVQLVQSGAEVKKPGASVKVSCKVSGYTFSNHAIHWVRQAPGKGLEWMGGINPNIGDTIYAQKFQGRVTMTEDTSTDTAYMELSSLKSEDTAVYYCARDGYDGSGTYYIHYYGMDVWGQGTTVTVSS,GYTFSNHA,INPNIGDT,ARDGYDGSGTYYIHYYGMDV,RSISGY,EASQRPS,QQYSTYPWT,0.027074132,0.006811989,QVQLVQSGAEVKKPGASVKVSCKVSGYTFSNHAIHWVRQAPGKGLEWMGGINPNIGDTIYAQKFQGRVTMTEDTSTDTAYMELSSLKSEDTAVYYCARDGYDGSGTYYIHYYGMDVWGQGTTVTVSS:DIQMTQSPSSVSASVGDRVTITCRASRSISGYLAWYQQKPGKAPKLLIYEASQRPSGVPSRFSGSGSGTDFTLTISSLQPEDFANYYCQQYSTYPWTFGGGTKVEIK,0.23948907190985938,5,train
True,1.0,,1.05e-09,223285.713,0.00023358,DIQMTQSPSSVSASVGDRVTITCRASQSISGHLAWYQQKPGKAPKLLIYASSNLASGVPSRFSGSGSGTDFTLTISSLQPEDFANYYCHQYATYPWTFGGGTKVEIK,QVQLVQSGAEVKKPGASVKVSCKVSGYSFTDHSIHWVRQAPGKGLEWMGGINPYTGDTIYAQKFQGRVTMTEDTSTDTAYMELSSLKSEDTAVYYCARDGYSGYDYGSVGRDYYYYGMDVWGQGTTVTVSS,GYSFTDHS,INPYTGDT,ARDGYSGYDYGSVGRDYYYYGMDV,QSISGH,ASSNLAS,HQYATYPWT,0.015229199,0.036330609,QVQLVQSGAEVKKPGASVKVSCKVSGYSFTDHSIHWVRQAPGKGLEWMGGINPYTGDTIYAQKFQGRVTMTEDTSTDTAYMELSSLKSEDTAVYYCARDGYSGYDYGSVGRDYYYYGMDVWGQGTTVTVSS:DIQMTQSPSSVSASVGDRVTITCRASQSISGHLAWYQQKPGKAPKLLIYASSNLASGVPSRFSGSGSGTDFTLTISSLQPEDFANYYCHQYATYPWTFGGGTKVEIK,0.231594721229273,5,train
True,1.0,27F,3.71e-11,269469.8614,1e-05,DIQMTQSPSSVSASVGDRVTITCRASRDINKYLAWYQQKPGKAPKLLIYDAATRATGIPSRFSGSGSGTDFTLTISSLQPEDFANYYCHQYATYPWTFGGGTKVEIK,QVQLVQSGAEVKKPGASVKVSCKVSGYSFTDHSIHWVRQAPGKGLEWMGGINPYTGDTIYAQKFQGRVTMTEDTSTDTAYMELSSLKSEDTAVYYCARDGYGDYRGLYGMDVWGQGTTVTVSS,GYSFTDHS,INPYTGDT,ARDGYGDYRGLYGMDV,RDINKY,DAATRAT,HQYATYPWT,0.011844933,0.018165304,QVQLVQSGAEVKKPGASVKVSCKVSGYSFTDHSIHWVRQAPGKGLEWMGGINPYTGDTIYAQKFQGRVTMTEDTSTDTAYMELSSLKSEDTAVYYCARDGYGDYRGLYGMDVWGQGTTVTVSS:DIQMTQSPSSVSASVGDRVTITCRASRDINKYLAWYQQKPGKAPKLLIYDAATRATGIPSRFSGSGSGTDFTLTISSLQPEDFANYYCHQYATYPWTFGGGTKVEIK,0.020747909241449505,0,train
True,,,1e-06,,,DIQMTQSPSSVSASVGDRVTITCRASQSIGSYLAWYQQKPGKAPKLLIYSGSTLKPGVPSRFSGSGSGTDFTLTISSLQPEDFANYYCHQYAAYPWTFGGGTKVEIK,QVQLVQSGAEVKKPGASVKVSCKVSGYPFTRSTIHWVRQAPGKGLEWMGGINAGTGDTIYAQKFQGRVTMTEDTSTDTAYMELSSLKSEDTAVYYCARDGYSSGYYGMDVWGQGTTVTVSS,GYPFTRST,INAGTGDT,ARDGYSSGYYGMDV,QSIGSY,SGSTLKP,HQYAAYPWT,0.006768533,0.002270663,QVQLVQSGAEVKKPGASVKVSCKVSGYPFTRSTIHWVRQAPGKGLEWMGGINAGTGDTIYAQKFQGRVTMTEDTSTDTAYMELSSLKSEDTAVYYCARDGYSSGYYGMDVWGQGTTVTVSS:DIQMTQSPSSVSASVGDRVTITCRASQSIGSYLAWYQQKPGKAPKLLIYSGSTLKPGVPSRFSGSGSGTDFTLTISSLQPEDFANYYCHQYAAYPWTFGGGTKVEIK,0.6642067078277463,8,train
True,1.0,,1.42e-09,255919.2068,0.000363984,DIQMTQSPSSVSASVGDRVTITCRASQAISSHLAWYQQKPGKAPKLLIYEASKLQSGVPSRFSGSGSGTDFTLTISSLQPEDFANYYCQQYSVYPWTFGGGTKVEIK,QVQLVQSGAEVKKPGASVKVSCKVSGYSFTSHTIHWVRQAPGKGLEWMGGINPYTGDTIYAQKFQGRVTMTEDTSTDTAYMELSSLKSEDTAVYYCARDGYYGSGTYYYYGMDVWGQGTTVTVSS,GYSFTSHT,INPYTGDT,ARDGYYGSGTYYYYGMDV,QAISSH,EASKLQS,QQYSVYPWT,0.006768533,0.004541326,QVQLVQSGAEVKKPGASVKVSCKVSGYSFTSHTIHWVRQAPGKGLEWMGGINPYTGDTIYAQKFQGRVTMTEDTSTDTAYMELSSLKSEDTAVYYCARDGYYGSGTYYYYGMDVWGQGTTVTVSS:DIQMTQSPSSVSASVGDRVTITCRASQAISSHLAWYQQKPGKAPKLLIYEASKLQSGVPSRFSGSGSGTDFTLTISSLQPEDFANYYCQQYSVYPWTFGGGTKVEIK,0.2506342051469194,6,train
True,,,1e-06,,,DIQMTQSPSSVSASVGDRVTITCRASHHIDRHLAWYQQKPGKAPKLLIYGPNQRPSGVPSRFSGSGSGTDFTLTISSLQPEDFANYYCQQTFTTPETFGGGTKVEIK,QVQLVQSGAEVKKPGASVKVSCKVSGYTFPGSYIHWVRQAPGKGLEWMGGTIPTLGTAIYAQKFQGRVTMTEDTSTDTAYMELSSLKSEDTAVYYCAVVDCSGDCYPGYWGQGTLVTVSS,GYTFPGSY,TIPTLGTA,AVVDCSGDCYPGY,HHIDRH,GPNQRPS,QQTFTTPET,0.001692133,0.0,QVQLVQSGAEVKKPGASVKVSCKVSGYTFPGSYIHWVRQAPGKGLEWMGGTIPTLGTAIYAQKFQGRVTMTEDTSTDTAYMELSSLKSEDTAVYYCAVVDCSGDCYPGYWGQGTLVTVSS:DIQMTQSPSSVSASVGDRVTITCRASHHIDRHLAWYQQKPGKAPKLLIYGPNQRPSGVPSRFSGSGSGTDFTLTISSLQPEDFANYYCQQTFTTPETFGGGTKVEIK,0.6642067078277463,8,train
True,1.0,,2.67e-11,374424.0644,1e-05,DIQMTQSPSSVSASVGDRVTITCRASQSIGSFLAWYQQKPGKAPKLLIYEASTLKPGVPSRFSGSGSGTDFTLTISSLQPEDFANYYCHQYAAYPWTFGGGTKVEIK,QVQLVQSGAEVKKPGASVKVSCKVSGYTSPTTIHWVRQAPGKGLEWMGGISPYRGDTIYAQKFQGRVTMTEDTSTDTAYMELSSLKSEDTAVYYCARDGYSSGYYGMDVWGQGTTVTVSS,GYTSPTT,ISPYRGDT,ARDGYSSGYYGMDV,QSIGSF,EASTLKP,HQYAAYPWT,0.001692133,0.002270663,QVQLVQSGAEVKKPGASVKVSCKVSGYTSPTTIHWVRQAPGKGLEWMGGISPYRGDTIYAQKFQGRVTMTEDTSTDTAYMELSSLKSEDTAVYYCARDGYSSGYYGMDVWGQGTTVTVSS:DIQMTQSPSSVSASVGDRVTITCRASQSIGSFLAWYQQKPGKAPKLLIYEASTLKPGVPSRFSGSGSGTDFTLTISSLQPEDFANYYCHQYAAYPWTFGGGTKVEIK,0.0,0,train
True,1.0,,1.79e-09,363282.7507,0.000651241,DIQMTQSPSSVSASVGDRVTITCRASQNIHSYLAWYQQKPGKAPKLLIYAASSLASGVPSRFSGSGSGTDFTLTISSLQPEDFANYYCHQYSSYPHTFGGGTKVEIK,QVQLVQSGAEVKKPGASVKVSCKVSGYTFSNHAIHWVRQAPGKGLEWMGGINPNIGDTIYAQKFQGRVTMTEDTSTDTAYMELSSLKSEDTAVYYCARDERDYSFDYWGQGTLVTVSS,GYTFSNHA,INPNIGDT,ARDERDYSFDY,QNIHSY,AASSLAS,HQYSSYPHT,0.038919065,0.024977293,QVQLVQSGAEVKKPGASVKVSCKVSGYTFSNHAIHWVRQAPGKGLEWMGGINPNIGDTIYAQKFQGRVTMTEDTSTDTAYMELSSLKSEDTAVYYCARDERDYSFDYWGQGTLVTVSS:DIQMTQSPSSVSASVGDRVTITCRASQNIHSYLAWYQQKPGKAPKLLIYAASSLASGVPSRFSGSGSGTDFTLTISSLQPEDFANYYCHQYSSYPHTFGGGTKVEIK,0.2652391912364102,6,train
True,1.0,28F,1.41e-09,281267.7949,0.000396492,DIQMTQSPSSVSASVGDRVTITCRASQDIGNHLAWYQQKPGKAPKLLIYASSNLASGVPSRFSGSGSGTDFTLTISSLQPEDFANYYCHQYATYPWTFGGGTKVEIK,QVQLVQSGAEVKKPGASVKVSCKVSGYSFTDHSIHWVRQAPGKGLEWMGGINPYTGDTIYAQKFQGRVTMTEDTSTDTAYMELSSLKSEDTAVYYCARDGYDFWSGSYGMDVWGQGTLVTVSS,GYSFTDHS,INPYTGDT,ARDGYDFWSGSYGMDV,QDIGNH,ASSNLAS,HQYATYPWT,0.023689866,0.034059946,QVQLVQSGAEVKKPGASVKVSCKVSGYSFTDHSIHWVRQAPGKGLEWMGGINPYTGDTIYAQKFQGRVTMTEDTSTDTAYMELSSLKSEDTAVYYCARDGYDFWSGSYGMDVWGQGTLVTVSS:DIQMTQSPSSVSASVGDRVTITCRASQDIGNHLAWYQQKPGKAPKLLIYASSNLASGVPSRFSGSGSGTDFTLTISSLQPEDFANYYCHQYATYPWTFGGGTKVEIK,0.25018846133559675,5,train
True,1.0,,1.07e-08,389145.0513,0.004173498,DIQMTQSPSSVSASVGDRVTITCRASQNIHSYLAWYQQKPGKAPKLLIYAASSLASGVPSRFSGSGSGTDFTLTISSLQPEDFANYYCHQYATYPWTFGGGTKVEIK,QVQLVQSGAEVKKPGASVKVSCKVSGYSFTDHTIHWVRQAPGKGLEWMGGINPNIGDTIYAQKFQGRVTMTEDTSTDTAYMELSSLKSEDTAVYYCARDHYGDADYYGMDVWGPGTTVTVSS,GYSFTDHT,INPNIGDT,ARDHYGDADYYGMDV,QNIHSY,AASSLAS,HQYATYPWT,0.025381999,0.009082652,QVQLVQSGAEVKKPGASVKVSCKVSGYSFTDHTIHWVRQAPGKGLEWMGGINPNIGDTIYAQKFQGRVTMTEDTSTDTAYMELSSLKSEDTAVYYCARDHYGDADYYGMDVWGPGTTVTVSS:DIQMTQSPSSVSASVGDRVTITCRASQNIHSYLAWYQQKPGKAPKLLIYAASSLASGVPSRFSGSGSGTDFTLTISSLQPEDFANYYCHQYATYPWTFGGGTKVEIK,0.3780145713174928,7,train
True,1.0,,1.98e-10,351750.7833,6.97e-05,DIQMTQSPSSVSASVGDRVTITCRASQGISTNLAWYQQKPGKAPKLLIYEASTLKPGVPSRFSGSGSGTDFTLTISSLQPEDFANYYCHQYAAYPWTFGGGTKVEIK,QVQLVQSGAEVKKPGASVKVSCKVSGYPFTRSTIHWVRQAPGKGLEWMGGINAGTGDTIYAQKFQGRVTMTEDTSTDTAYMELSSLKSEDTAVYYCARDGYSSGYYGMDVWGQGTTVTVSS,GYPFTRST,INAGTGDT,ARDGYSSGYYGMDV,QGISTN,EASTLKP,HQYAAYPWT,0.011844933,0.002270663,QVQLVQSGAEVKKPGASVKVSCKVSGYPFTRSTIHWVRQAPGKGLEWMGGINAGTGDTIYAQKFQGRVTMTEDTSTDTAYMELSSLKSEDTAVYYCARDGYSSGYYGMDVWGQGTTVTVSS:DIQMTQSPSSVSASVGDRVTITCRASQGISTNLAWYQQKPGKAPKLLIYEASTLKPGVPSRFSGSGSGTDFTLTISSLQPEDFANYYCHQYAAYPWTFGGGTKVEIK,0.12637225309719924,2,train
True,1.0,,2.4e-09,350502.6165,0.000842423,DIQMTQSPSSVSASVGDRVTITCRASQDIGNHLAWYQQKPGKAPKLLIYASSNLASGVPSRFSGSGSGTDFTLTISSLQPEDFANYYCHQYATYPWTFGGGTKVEIK,QVQLVQSGAEVKKPGASVKVSCKVSGYSFTDHSIHWVRQAPGKGLEWMGGINPYTGDTIYAQKFQGRVTMTEDTSTDTAYMELSSLKSEDTAVYYCARDGYCSGGSCYSFSGYGMDVWGQGTTVTVSS,GYSFTDHS,INPYTGDT,ARDGYCSGGSCYSFSGYGMDV,QDIGNH,ASSNLAS,HQYATYPWT,0.121833596,0.118074478,QVQLVQSGAEVKKPGASVKVSCKVSGYSFTDHSIHWVRQAPGKGLEWMGGINPYTGDTIYAQKFQGRVTMTEDTSTDTAYMELSSLKSEDTAVYYCARDGYCSGGSCYSFSGYGMDVWGQGTTVTVSS:DIQMTQSPSSVSASVGDRVTITCRASQDIGNHLAWYQQKPGKAPKLLIYASSNLASGVPSRFSGSGSGTDFTLTISSLQPEDFANYYCHQYATYPWTFGGGTKVEIK,0.28373539461619235,6,train
True,1.0,,5.09e-10,254900.0171,0.000129773,DIQMTQSPSSVSASVGDRVTITCRASQNIGSHLAWYQQKPGKAPKLLIYGTSTRATGVPSRFSGSGSGTDFTLTISSLQPEDFANYYCHQYAAYPWTFGGGTKVEIK,QVQLVQSGAEVKKPGASVKVSCKVSGYPFTRSTIHWVRQAPGKGLEWMGGINAGTGDTIYAQKFQGRVTMTEDTSTDTAYMELSSLKSEDTAVYYCARDGYSSGYYGMDVWGQGTTVTVSS,GYPFTRST,INAGTGDT,ARDGYSSGYYGMDV,QNIGSH,GTSTRAT,HQYAAYPWT,0.0101528,0.004541326,QVQLVQSGAEVKKPGASVKVSCKVSGYPFTRSTIHWVRQAPGKGLEWMGGINAGTGDTIYAQKFQGRVTMTEDTSTDTAYMELSSLKSEDTAVYYCARDGYSSGYYGMDVWGQGTTVTVSS:DIQMTQSPSSVSASVGDRVTITCRASQNIGSHLAWYQQKPGKAPKLLIYGTSTRATGVPSRFSGSGSGTDFTLTISSLQPEDFANYYCHQYAAYPWTFGGGTKVEIK,0.1859240958551598,3,train
True,1.0,,1.64e-09,284871.9535,0.000466304,DIQMTQSPSSVSASVGDRVTITCRASQDIGNHLAWYQQKPGKAPKLLIYASSNLASGVPSRFSGSGSGTDFTLTISSLQPEDFANYYCHQYATYPWTFGGGTKVEIK,QVQLVQSGAEVKKPGASVKVSCKVSGYSFTDHSIHWVRQAPGKGLEWMGGINPYTGDTIYAQKFQGRVTMTEDTSTDTAYMELSSLKSEDTAVYYCARDAYGGNSETFWYYGMDVWGQGTTVTVSS,GYSFTDHS,INPYTGDT,ARDAYGGNSETFWYYGMDV,QDIGNH,ASSNLAS,HQYATYPWT,0.595630912,0.760672116,QVQLVQSGAEVKKPGASVKVSCKVSGYSFTDHSIHWVRQAPGKGLEWMGGINPYTGDTIYAQKFQGRVTMTEDTSTDTAYMELSSLKSEDTAVYYCARDAYGGNSETFWYYGMDVWGQGTTVTVSS:DIQMTQSPSSVSASVGDRVTITCRASQDIGNHLAWYQQKPGKAPKLLIYASSNLASGVPSRFSGSGSGTDFTLTISSLQPEDFANYYCHQYATYPWTFGGGTKVEIK,0.25971912642257444,6,train
True,1.0,,1e-08,10000.0,0.0001,DIQMTQSPSSVSASVGDRVTITCRASQSIGTHLAWYQQKPGKAPKLLIYGASNLESGVPSRFSGSGSGTDFTLTISSLQPEDFANYYCQQYKAYPLTFGGGTKVEIK,QVQLVQSGAEVKKPGASVKVSCKVSGYTFTSHAIHWVRQAPGKGLEWMGGISPYRGDTIYAQKFQGRVTMTEDTSTDTAYMELSSLKSEDTAVYYCARDAGVPLDYWGQGTLVTVSS,GYTFTSHA,ISPYRGDT,ARDAGVPLDY,QSIGTH,GASNLES,QQYKAYPLT,0.047379732,0.002270663,QVQLVQSGAEVKKPGASVKVSCKVSGYTFTSHAIHWVRQAPGKGLEWMGGISPYRGDTIYAQKFQGRVTMTEDTSTDTAYMELSSLKSEDTAVYYCARDAGVPLDYWGQGTLVTVSS:DIQMTQSPSSVSASVGDRVTITCRASQSIGTHLAWYQQKPGKAPKLLIYGASNLESGVPSRFSGSGSGTDFTLTISSLQPEDFANYYCQQYKAYPLTFGGGTKVEIK,0.37374717210538516,7,train
True,1.0,,4.22e-11,237093.4078,1e-05,DIQMTQSPSSVSASVGDRVTITCRASQDIGSYLAWYQQKPGKAPKLLIYGASNLESGVPSRFSGSGSGTDFTLTISSLQPEDFANYYCQQYSTHSWTFGGGTKVEIK,QVQLVQSGAEVKKPGASVKVSCKVSGYPFTRSTIHWVRQAPGKGLEWMGGINAGTGDTIYAQKFQGRVTMTEDTSTDTAYMELSSLKSEDTAVYYCAKDGWGSLLNGIAVAGLDYWGQGTTVTVSS,GYPFTRST,INAGTGDT,AKDGWGSLLNGIAVAGLDY,QDIGSY,GASNLES,QQYSTHSWT,0.032150532,0.018165304,QVQLVQSGAEVKKPGASVKVSCKVSGYPFTRSTIHWVRQAPGKGLEWMGGINAGTGDTIYAQKFQGRVTMTEDTSTDTAYMELSSLKSEDTAVYYCAKDGWGSLLNGIAVAGLDYWGQGTTVTVSS:DIQMTQSPSSVSASVGDRVTITCRASQDIGSYLAWYQQKPGKAPKLLIYGASNLESGVPSRFSGSGSGTDFTLTISSLQPEDFANYYCQQYSTHSWTFGGGTKVEIK,0.02887185061571314,0,train
True,1.0,,7.72e-10,346520.0286,0.000267589,DIQMTQSPSSVSASVGDRVTITCRASQNINDYLAWYQQKPGKAPKLLIYASSNLASGVPSRFSGSGSGTDFTLTISSLQPEDFANYYCHQYATYPWTFGGGTKVEIK,QVQLVQSGAEVKKPGASVKVSCKVSGYSFTDHSIHWVRQAPGKGLEWMGGINPYTGDTIYAQKFQGRVTMTEDTSTDTAYMELSSLKSEDTAVYYCAKDGWGSLLNGIAVAGLDYWGQGTLVTVSS,GYSFTDHS,INPYTGDT,AKDGWGSLLNGIAVAGLDY,QNINDY,ASSNLAS,HQYATYPWT,0.035534799,0.040871935,QVQLVQSGAEVKKPGASVKVSCKVSGYSFTDHSIHWVRQAPGKGLEWMGGINPYTGDTIYAQKFQGRVTMTEDTSTDTAYMELSSLKSEDTAVYYCAKDGWGSLLNGIAVAGLDYWGQGTLVTVSS:DIQMTQSPSSVSASVGDRVTITCRASQNINDYLAWYQQKPGKAPKLLIYASSNLASGVPSRFSGSGSGTDFTLTISSLQPEDFANYYCHQYATYPWTFGGGTKVEIK,0.21219609086035085,4,train
True,1.0,27F,6.22e-10,272192.7367,0.000169259,DIQMTQSPSSVSASVGDRVTITCRASQSISGHLAWYQQKPGKAPKLLIYGASNRAIGIPSRFSGSGSGTDFTLTISSLQPEDFANYYCHQYATYPWTFGGGTKVEIK,QVQLVQSGAEVKKPGASVKVSCKVSGYSFTDHSIHWVRQAPGKGLEWMGGINPYTGDTIYAQKFQGRVTMTEDTSTDTAYMELSSLKSEDTAVYYCARDGYGDYRGLYGMDVWGQGTTVTVSS,GYSFTDHS,INPYTGDT,ARDGYGDYRGLYGMDV,QSISGH,GASNRAI,HQYATYPWT,0.245359325,0.392824705,QVQLVQSGAEVKKPGASVKVSCKVSGYSFTDHSIHWVRQAPGKGLEWMGGINPYTGDTIYAQKFQGRVTMTEDTSTDTAYMELSSLKSEDTAVYYCARDGYGDYRGLYGMDVWGQGTTVTVSS:DIQMTQSPSSVSASVGDRVTITCRASQSISGHLAWYQQKPGKAPKLLIYGASNRAIGIPSRFSGSGSGTDFTLTISSLQPEDFANYYCHQYATYPWTFGGGTKVEIK,0.19856962968210903,4,train
True,1.0,,3.77e-10,235965.4139,8.9e-05,DIQMTQSPSSVSASVGDRVTITCRSSQNIGRWLAWYQQKPGKAPKLLIYGTSDRASGIPSRFSGSGSGTDFTLTISSLQPEDFANYYCHQYAAYPWTFGGGTKVEIK,QVQLVQSGAEVKKPGASVKVSCKVSGYPFTRSTIHWVRQAPGKGLEWMGGINAGTGDTIYAQKFQGRVTMTEDTSTDTAYMELSSLKSEDTAVYYCARDGYSSGYYGMDVWGQGTTVTVSS,GYPFTRST,INAGTGDT,ARDGYSSGYYGMDV,QNIGRW,GTSDRAS,HQYAAYPWT,0.001692133,0.0,QVQLVQSGAEVKKPGASVKVSCKVSGYPFTRSTIHWVRQAPGKGLEWMGGINAGTGDTIYAQKFQGRVTMTEDTSTDTAYMELSSLKSEDTAVYYCARDGYSSGYYGMDVWGQGTTVTVSS:DIQMTQSPSSVSASVGDRVTITCRSSQNIGRWLAWYQQKPGKAPKLLIYGTSDRASGIPSRFSGSGSGTDFTLTISSLQPEDFANYYCHQYAAYPWTFGGGTKVEIK,0.16698955688221076,3,train
True,,,1e-06,,,DIQMTQSPSSVSASVGDRVTITCRASQHIGTELAWYQQKPGKAPKLLIYKASTLEPGVPSRFSGSGSGTDFTLTISSLQPEDFANYYCQQYHNYPGTFGGGTKVEIK,QVQLVQSGAEVKKPGASVKVSCKVSGYTLSDLSIHWVRQAPGKGLEWMGGMDPATGQTIYAQKFQGRVTMTEDTSTDTAYMELSSLKSEDTAVYYCATFNPHDTSGSSPDYWGQGTLVTVSS,GYTLSDLS,MDPATGQT,ATFNPHDTSGSSPDY,QHIGTE,KASTLEP,QQYHNYPGT,0.001692133,0.002270663,QVQLVQSGAEVKKPGASVKVSCKVSGYTLSDLSIHWVRQAPGKGLEWMGGMDPATGQTIYAQKFQGRVTMTEDTSTDTAYMELSSLKSEDTAVYYCATFNPHDTSGSSPDYWGQGTLVTVSS:DIQMTQSPSSVSASVGDRVTITCRASQHIGTELAWYQQKPGKAPKLLIYKASTLEPGVPSRFSGSGSGTDFTLTISSLQPEDFANYYCQQYHNYPGTFGGGTKVEIK,0.6642067078277463,8,train
True,,,9.28e-10,449724.9451,0.000417151,DIQMTQSPSSVSASVGDRVTITCRASQDIGNHLAWYQQKPGKAPKLLIYGASIRESGVPSRFSGSGSGTDFTLTISSLQPEDFANYYCQQYSAFPWTFGGGTKVEIK,QVQLVQSGAEVKKPGASVKVSCKVSGYTFTANAIHWVRQAPGKGLEWMGGIGPGQGDTIYAQKFQGRVTMTEDTSTDTAYMELSSLKSEDTAVYYCARDGHCSGGSCPSGMDVWGQGTTVTVSS,GYTFTANA,IGPGQGDT,ARDGHCSGGSCPSGMDV,QDIGNH,GASIRES,QQYSAFPWT,0.027074132,0.013623978,QVQLVQSGAEVKKPGASVKVSCKVSGYTFTANAIHWVRQAPGKGLEWMGGIGPGQGDTIYAQKFQGRVTMTEDTSTDTAYMELSSLKSEDTAVYYCARDGHCSGGSCPSGMDVWGQGTTVTVSS:DIQMTQSPSSVSASVGDRVTITCRASQDIGNHLAWYQQKPGKAPKLLIYGASIRESGVPSRFSGSGSGTDFTLTISSLQPEDFANYYCQQYSAFPWTFGGGTKVEIK,0.2238044043638445,5,train
True,1.0,27F,2.99e-10,289820.9106,8.66e-05,DIQMTQSPSSVSASVGDRVTITCRASQDIGNHLAWYQQKPGKAPKLLIYGTSSRVTGVPSRFSGSGSGTDFTLTISSLQPEDFANYYCHQYATYPWTFGGGTKVEIK,QVQLVQSGAEVKKPGASVKVSCKVSGYSFTDHSIHWVRQAPGKGLEWMGGINPYTGDTIYAQKFQGRVTMTEDTSTDTAYMELSSLKSEDTAVYYCARDGYGDYRGLYGMDVWGQGTTVTVSS,GYSFTDHS,INPYTGDT,ARDGYGDYRGLYGMDV,QDIGNH,GTSSRVT,HQYATYPWT,0.011844933,0.006811989,QVQLVQSGAEVKKPGASVKVSCKVSGYSFTDHSIHWVRQAPGKGLEWMGGINPYTGDTIYAQKFQGRVTMTEDTSTDTAYMELSSLKSEDTAVYYCARDGYGDYRGLYGMDVWGQGTTVTVSS:DIQMTQSPSSVSASVGDRVTITCRASQDIGNHLAWYQQKPGKAPKLLIYGTSSRVTGVPSRFSGSGSGTDFTLTISSLQPEDFANYYCHQYATYPWTFGGGTKVEIK,0.1523692526416328,2,train
True,1.0,,2.39e-09,261660.257,0.000625858,DIQMTQSPSSVSASVGDRVTITCRASQDIGNHLAWYQQKPGKAPKLLIYASSNLASGVPSRFSGSGSGTDFTLTISSLQPEDFANYYCHQYATYPWTFGGGTKVEIK,QVQLVQSGAEVKKPGASVKVSCKVSGYSFTSHTIHWVRQAPGKGLEWMGGINPYTGDTIYAQKFQGRVTMTEDTSTDTAYMELSSLKSEDTAVYYCARDGYYYDSSGSRGEYYYYGMDVWGQGTTVTVSS,GYSFTSHT,INPYTGDT,ARDGYYYDSSGSRGEYYYYGMDV,QDIGNH,ASSNLAS,HQYATYPWT,0.001692133,0.0,QVQLVQSGAEVKKPGASVKVSCKVSGYSFTSHTIHWVRQAPGKGLEWMGGINPYTGDTIYAQKFQGRVTMTEDTSTDTAYMELSSLKSEDTAVYYCARDGYYYDSSGSRGEYYYYGMDVWGQGTTVTVSS:DIQMTQSPSSVSASVGDRVTITCRASQDIGNHLAWYQQKPGKAPKLLIYASSNLASGVPSRFSGSGSGTDFTLTISSLQPEDFANYYCHQYATYPWTFGGGTKVEIK,0.2834720435580607,6,train
True,1.0,27F,6.05e-10,326567.1505,0.000197688,DIQMTQSPSSVSASVGDRVTITCRASQAIGNELAWYQQKPGKAPKLLIYRASSLASGVPSRFSGSGSGTDFTLTISSLQPEDFANYYCHQYATYPWTFGGGTKVEIK,QVQLVQSGAEVKKPGASVKVSCKVSGYSFTDHSIHWVRQAPGKGLEWMGGINPYTGDTIYAQKFQGRVTMTEDTSTDTAYMELSSLKSEDTAVYYCARDGYGDYRGLYGMDVWGQGTTVTVSS,GYSFTDHS,INPYTGDT,ARDGYGDYRGLYGMDV,QAIGNE,RASSLAS,HQYATYPWT,0.011844933,0.011353315,QVQLVQSGAEVKKPGASVKVSCKVSGYSFTDHSIHWVRQAPGKGLEWMGGINPYTGDTIYAQKFQGRVTMTEDTSTDTAYMELSSLKSEDTAVYYCARDGYGDYRGLYGMDVWGQGTTVTVSS:DIQMTQSPSSVSASVGDRVTITCRASQAIGNELAWYQQKPGKAPKLLIYRASSLASGVPSRFSGSGSGTDFTLTISSLQPEDFANYYCHQYATYPWTFGGGTKVEIK,0.19682178796803232,4,train
True,1.0,,9.6e-10,282094.6055,0.00027088,DIQMTQSPSSVSASVGDRVTITCRASQSISPYLAWYQQKPGKAPKLLIYDASNLASGVPSRFSGSGSGTDFTLTISSLQPEDFANYYCHQYAAYPWTFGGGTKVEIK,QVQLVQSGAEVKKPGASVKVSCKVSGYSFTSHTIHWVRQAPGKGLEWMGGINPKTGDTIYAQKFQGRVTMTEDTSTDTAYMELSSLKSEDTAVYYCARDGYSYGYLSGMDVWGQGTTVTVSS,GYSFTSHT,INPKTGDT,ARDGYSYGYLSGMDV,QSISPY,DASNLAS,HQYAAYPWT,0.001692133,0.0,QVQLVQSGAEVKKPGASVKVSCKVSGYSFTSHTIHWVRQAPGKGLEWMGGINPKTGDTIYAQKFQGRVTMTEDTSTDTAYMELSSLKSEDTAVYYCARDGYSYGYLSGMDVWGQGTTVTVSS:DIQMTQSPSSVSASVGDRVTITCRASQSISPYLAWYQQKPGKAPKLLIYDASNLASGVPSRFSGSGSGTDFTLTISSLQPEDFANYYCHQYAAYPWTFGGGTKVEIK,0.225942659534076,5,train
True,1.0,28F,1.75e-10,226545.4322,3.97e-05,DIQMTQSPSSVSASVGDRVTITCRASQSIGTYLAWYQQKPGKAPKLLIYSGSTLQSGVPSRFSGSGSGTDFTLTISSLQPEDFANYYCHQYATYPWTFGGGTKVEIK,QVQLVQSGAEVKKPGASVKVSCKVSGYSFTDHSIHWVRQAPGKGLEWMGGINPYTGDTIYAQKFQGRVTMTEDTSTDTAYMELSSLKSEDTAVYYCARDGYDFWSGSYGMDVWGQGTTVTVSS,GYSFTDHS,INPYTGDT,ARDGYDFWSGSYGMDV,QSIGTY,SGSTLQS,HQYATYPWT,0.011844933,0.011353315,QVQLVQSGAEVKKPGASVKVSCKVSGYSFTDHSIHWVRQAPGKGLEWMGGINPYTGDTIYAQKFQGRVTMTEDTSTDTAYMELSSLKSEDTAVYYCARDGYDFWSGSYGMDVWGQGTTVTVSS:DIQMTQSPSSVSASVGDRVTITCRASQSIGTYLAWYQQKPGKAPKLLIYSGSTLQSGVPSRFSGSGSGTDFTLTISSLQPEDFANYYCHQYATYPWTFGGGTKVEIK,0.11858399577516897,2,train
True,1.0,,3.49e-11,286147.0143,1e-05,DIQMTQSPSSVSASVGDRVTITCRASQDIGNHLAWYQQKPGKAPKLLIYASSNLASGVPSRFSGSGSGTDFTLTISSLQPEDFANYYCHQYATYPWTFGGGTKVEIK,QVQLVQSGAEVKKPGASVKVSCKVSGYTSPATIHWVRQAPGKGLEWMGGISPYKGDTIYAQKFQGRVTMTEDTSTDTAYMELSSLKSEDTAVYYCARDAYPYYYGMDVWGQGTTVTVSS,GYTSPAT,ISPYKGDT,ARDAYPYYYGMDV,QDIGNH,ASSNLAS,HQYATYPWT,0.021997733,0.034059946,QVQLVQSGAEVKKPGASVKVSCKVSGYTSPATIHWVRQAPGKGLEWMGGISPYKGDTIYAQKFQGRVTMTEDTSTDTAYMELSSLKSEDTAVYYCARDAYPYYYGMDVWGQGTTVTVSS:DIQMTQSPSSVSASVGDRVTITCRASQDIGNHLAWYQQKPGKAPKLLIYASSNLASGVPSRFSGSGSGTDFTLTISSLQPEDFANYYCHQYATYPWTFGGGTKVEIK,0.016892279268271283,0,train
True,1.0,27F,1.93e-10,287767.1129,5.56e-05,DIQMTQSPSSVSASVGDRVTITCRASQDIKNYLAWYQQKPGKAPKLLIYDASNLASGVPSRFSGSGSGTDFTLTISSLQPEDFANYYCHQYATYPWTFGGGTKVEIK,QVQLVQSGAEVKKPGASVKVSCKVSGYSFTDHSIHWVRQAPGKGLEWMGGINPYTGDTIYAQKFQGRVTMTEDTSTDTAYMELSSLKSEDTAVYYCARDGYGDYRGLYGMDVWGQGTTVTVSS,GYSFTDHS,INPYTGDT,ARDGYGDYRGLYGMDV,QDIKNY,DASNLAS,HQYATYPWT,0.025381999,0.02270663,QVQLVQSGAEVKKPGASVKVSCKVSGYSFTDHSIHWVRQAPGKGLEWMGGINPYTGDTIYAQKFQGRVTMTEDTSTDTAYMELSSLKSEDTAVYYCARDGYGDYRGLYGMDVWGQGTTVTVSS:DIQMTQSPSSVSASVGDRVTITCRASQDIKNYLAWYQQKPGKAPKLLIYDASNLASGVPSRFSGSGSGTDFTLTISSLQPEDFANYYCHQYATYPWTFGGGTKVEIK,0.12475905808128632,2,train
True,1.0,,2.6e-10,283151.7619,7.35e-05,DIQMTQSPSSVSASVGDRVTITCRASQNIHSYLAWYQQKPGKAPKLLIYDTSKLQSGVPSRFSGSGSGTDFTLTISSLQPEDFANYYCHQYAAYPWTFGGGTKVEIK,QVQLVQSGAEVKKPGASVKVSCKVSGYPFTRSTIHWVRQAPGKGLEWMGGINAGTGDTIYAQKFQGRVTMTEDTSTDTAYMELSSLKSEDTAVYYCARDGYSSGYYGMDVWGQGTTVTVSS,GYPFTRST,INAGTGDT,ARDGYSSGYYGMDV,QNIHSY,DTSKLQS,HQYAAYPWT,0.072761731,0.009082652,QVQLVQSGAEVKKPGASVKVSCKVSGYPFTRSTIHWVRQAPGKGLEWMGGINAGTGDTIYAQKFQGRVTMTEDTSTDTAYMELSSLKSEDTAVYYCARDGYSSGYYGMDVWGQGTTVTVSS:DIQMTQSPSSVSASVGDRVTITCRASQNIHSYLAWYQQKPGKAPKLLIYDTSKLQSGVPSRFSGSGSGTDFTLTISSLQPEDFANYYCHQYAAYPWTFGGGTKVEIK,0.14355411937740278,2,train
True,1.0,,4.37e-10,317050.3802,0.000138684,DIQMTQSPSSVSASVGDRVTITCRASQDIGNHLAWYQQKPGKAPKLLIYASSNLASGVPSRFSGSGSGTDFTLTISSLQPEDFANYYCHQYATYPWTFGGGTKVEIK,QVQLVQSGAEVKKPGASVKVSCKVSGYSFTDHSIHWVRQAPGKGLEWMGGINPYTGDTIYAQKFQGRVTMTEDTSTDTAYMELSSLKSEDTAVYYCARDAYPGYYGMDVWGQGTTVTVSS,GYSFTDHS,INPYTGDT,ARDAYPGYYGMDV,QDIGNH,ASSNLAS,HQYATYPWT,0.08291453,0.029518619,QVQLVQSGAEVKKPGASVKVSCKVSGYSFTDHSIHWVRQAPGKGLEWMGGINPYTGDTIYAQKFQGRVTMTEDTSTDTAYMELSSLKSEDTAVYYCARDAYPGYYGMDVWGQGTTVTVSS:DIQMTQSPSSVSASVGDRVTITCRASQDIGNHLAWYQQKPGKAPKLLIYASSNLASGVPSRFSGSGSGTDFTLTISSLQPEDFANYYCHQYATYPWTFGGGTKVEIK,0.17630460679363377,3,train
True,1.0,,0.000114754,481.2481905,0.055225215,DIQMTQSPSSVSASVGDRVTITCRASQVIGSYLAWYQQKPGKAPKLLIYDASHRAPGIPSRFSGSGSGTDFTLTISSLQPEDFANYYCHQYASYPWTFGGGTKVEIK,QVQLVQSGAEVKKPGASVKVSCKVSGYTFRNYAIHWVRQAPGKGLEWMGGINPTSGDTIYAQKFQGRVTMTEDTSTDTAYMELSSLKSEDTAVYYCARDTAVALDYWGQGTLVTVSS,GYTFRNYA,INPTSGDT,ARDTAVALDY,QVIGSY,DASHRAP,HQYASYPWT,0.021997733,0.0,QVQLVQSGAEVKKPGASVKVSCKVSGYTFRNYAIHWVRQAPGKGLEWMGGINPTSGDTIYAQKFQGRVTMTEDTSTDTAYMELSSLKSEDTAVYYCARDTAVALDYWGQGTLVTVSS:DIQMTQSPSSVSASVGDRVTITCRASQVIGSYLAWYQQKPGKAPKLLIYDASHRAPGIPSRFSGSGSGTDFTLTISSLQPEDFANYYCHQYASYPWTFGGGTKVEIK,0.9633463120260891,9,train
True,1.0,28F,1e-06,,,DIQMTQSPSSVSASVGDRVTITCRASQGISTYLAWYQQKPGKAPKLLIYDAATRATGIPSRFSGSGSGTDFTLTISSLQPEDFANYYCHQYATYPWTFGGGTKVEIK,QVQLVQSGAEVKKPGASVKVSCKVSGYSFTDHSIHWVRQAPGKGLEWMGGINPYTGDTIYAQKFQGRVTMTEDTSTDTAYMELSSLKSEDTAVYYCARDGYDFWSGSYGMDVWGQGTTVTVSS,GYSFTDHS,INPYTGDT,ARDGYDFWSGSYGMDV,QGISTY,DAATRAT,HQYATYPWT,0.018613466,0.056766576,QVQLVQSGAEVKKPGASVKVSCKVSGYSFTDHSIHWVRQAPGKGLEWMGGINPYTGDTIYAQKFQGRVTMTEDTSTDTAYMELSSLKSEDTAVYYCARDGYDFWSGSYGMDVWGQGTTVTVSS:DIQMTQSPSSVSASVGDRVTITCRASQGISTYLAWYQQKPGKAPKLLIYDAATRATGIPSRFSGSGSGTDFTLTISSLQPEDFANYYCHQYATYPWTFGGGTKVEIK,0.6642067078277463,8,train
True,1.0,27F,1.45e-10,257796.7553,3.74e-05,DIQMTQSPSSVSASVGDRVTITCRASRDISHHLAWYQQKPGKAPKLLIYAGSSRASGVPSRFSGSGSGTDFTLTISSLQPEDFANYYCQQYGAYPWTFGGGTKVEIK,QVQLVQSGAEVKKPGASVKVSCKVSGYSFTDHSIHWVRQAPGKGLEWMGGINPYTGDTIYAQKFQGRVTMTEDTSTDTAYMELSSLKSEDTAVYYCARDGYGDYRGLYGMDVWGQGTTVTVSS,GYSFTDHS,INPYTGDT,ARDGYGDYRGLYGMDV,RDISHH,AGSSRAS,QQYGAYPWT,0.0101528,0.027247956,QVQLVQSGAEVKKPGASVKVSCKVSGYSFTDHSIHWVRQAPGKGLEWMGGINPYTGDTIYAQKFQGRVTMTEDTSTDTAYMELSSLKSEDTAVYYCARDGYGDYRGLYGMDVWGQGTTVTVSS:DIQMTQSPSSVSASVGDRVTITCRASRDISHHLAWYQQKPGKAPKLLIYAGSSRASGVPSRFSGSGSGTDFTLTISSLQPEDFANYYCQQYGAYPWTFGGGTKVEIK,0.10672307388783199,1,train
True,1.0,,3.24e-09,263429.1278,0.000852391,DIQMTQSPSSVSASVGDRVTITCRASQDIGNHLAWYQQKPGKAPKLLIYASSNLASGVPSRFSGSGSGTDFTLTISSLQPEDFANYYCHQYATYPWTFGGGTKVEIK,QVQLVQSGAEVKKPGASVKVSCKVSGYSFTDHSIHWVRQAPGKGLEWMGGINPYTGDTIYAQKFQGRVTMTEDTSTDTAYMELSSLKSEDTAVYYCARDGYNHYYYYYGMDVWGQGTTVTVSS,GYSFTDHS,INPYTGDT,ARDGYNHYYYYYGMDV,QDIGNH,ASSNLAS,HQYATYPWT,0.032150532,0.015894641,QVQLVQSGAEVKKPGASVKVSCKVSGYSFTDHSIHWVRQAPGKGLEWMGGINPYTGDTIYAQKFQGRVTMTEDTSTDTAYMELSSLKSEDTAVYYCARDGYNHYYYYYGMDVWGQGTTVTVSS:DIQMTQSPSSVSASVGDRVTITCRASQDIGNHLAWYQQKPGKAPKLLIYASSNLASGVPSRFSGSGSGTDFTLTISSLQPEDFANYYCHQYATYPWTFGGGTKVEIK,0.3026637375591949,7,train
True,1.0,,8.17e-09,377645.7112,0.003085259,DIQMTQSPSSVSASVGDRVTITCRASHDIRHHLAWYQQKPGKAPKLLIYDASNLAIGVPSRFSGSGSGTDFTLTISSLQPEDFANYYCQQYATYPWTFGGGTKVEIK,QVQLVQSGAEVKKPGASVKVSCKVSGYSFTSHTIHWVRQAPGKGLEWMGGINPKTGDTIYAQKFQGRVTMTEDTSTDTAYMELSSLKSEDTAVYYCARDGYGSTAGLDYWGQGTLVTVSS,GYSFTSHT,INPKTGDT,ARDGYGSTAGLDY,HDIRHH,DASNLAI,QQYATYPWT,0.006768533,0.004541326,QVQLVQSGAEVKKPGASVKVSCKVSGYSFTSHTIHWVRQAPGKGLEWMGGINPKTGDTIYAQKFQGRVTMTEDTSTDTAYMELSSLKSEDTAVYYCARDGYGSTAGLDYWGQGTLVTVSS:DIQMTQSPSSVSASVGDRVTITCRASHDIRHHLAWYQQKPGKAPKLLIYDASNLAIGVPSRFSGSGSGTDFTLTISSLQPEDFANYYCQQYATYPWTFGGGTKVEIK,0.3609992017522561,7,train
True,1.0,27F,3.56e-11,280652.9407,1e-05,DIQMTQSPSSVSASVGDRVTITCRASQDIGNHLAWYQQKPGKAPKLLIYEANKRPSGVPSRFSGSGSGTDFTLTISSLQPEDFANYYCHQYNAYPWTFGGGTKVEIK,QVQLVQSGAEVKKPGASVKVSCKVSGYSFTDHSIHWVRQAPGKGLEWMGGINPYTGDTIYAQKFQGRVTMTEDTSTDTAYMELSSLKSEDTAVYYCARDGYGDYRGLYGMDVWGQGTTVTVSS,GYSFTDHS,INPYTGDT,ARDGYGDYRGLYGMDV,QDIGNH,EANKRPS,HQYNAYPWT,0.0101528,0.013623978,QVQLVQSGAEVKKPGASVKVSCKVSGYSFTDHSIHWVRQAPGKGLEWMGGINPYTGDTIYAQKFQGRVTMTEDTSTDTAYMELSSLKSEDTAVYYCARDGYGDYRGLYGMDVWGQGTTVTVSS:DIQMTQSPSSVSASVGDRVTITCRASQDIGNHLAWYQQKPGKAPKLLIYEANKRPSGVPSRFSGSGSGTDFTLTISSLQPEDFANYYCHQYNAYPWTFGGGTKVEIK,0.018144823714492758,0,train
True,,,1e-06,,,DIVMTQSPDSLAVSLGERATINCKSSQSVLDTSTFKNYLAWYQQKPGQPPKLLIYGASTRATGVPDRFSGSGSGTDFTLTISSLQAEDVAVYYCQQSYSSPITFGGGTKVEIK,QVTLRESGPALVKPTQTLTLTCTVSGFSLSSGSMGVNWIRQPPGKALEWIGYVSYSGDAVYNSALKSRLTISKDTSKNQVVLTMTNMDPVDTATYYCAKGSPENYGDYDYWGQGTLVTVSS,GFSLSSGSMG,VSYSGD,AKGSPENYGDYDY,QSVLDTSTFKNY,GASTRAT,QQSYSSPIT,0.001692133,0.0,QVTLRESGPALVKPTQTLTLTCTVSGFSLSSGSMGVNWIRQPPGKALEWIGYVSYSGDAVYNSALKSRLTISKDTSKNQVVLTMTNMDPVDTATYYCAKGSPENYGDYDYWGQGTLVTVSS:DIVMTQSPDSLAVSLGERATINCKSSQSVLDTSTFKNYLAWYQQKPGQPPKLLIYGASTRATGVPDRFSGSGSGTDFTLTISSLQAEDVAVYYCQQSYSSPITFGGGTKVEIK,0.6642067078277463,8,train
True,1.0,27F,7.04e-10,285436.9516,0.000201043,DIQMTQSPSSVSASVGDRVTITCRASQDIGNWLAWYQQKPGKAPKLLIYDASMRVPGVPSRFSGSGSGTDFTLTISSLQPEDFANYYCHQYATYPWTFGGGTKVEIK,QVQLVQSGAEVKKPGASVKVSCKVSGYSFTDHSIHWVRQAPGKGLEWMGGINPYTGDTIYAQKFQGRVTMTEDTSTDTAYMELSSLKSEDTAVYYCARDGYGDYRGLYGMDVWGQGTLVTVSS,GYSFTDHS,INPYTGDT,ARDGYGDYRGLYGMDV,QDIGNW,DASMRVP,HQYATYPWT,0.006768533,0.038601272,QVQLVQSGAEVKKPGASVKVSCKVSGYSFTDHSIHWVRQAPGKGLEWMGGINPYTGDTIYAQKFQGRVTMTEDTSTDTAYMELSSLKSEDTAVYYCARDGYGDYRGLYGMDVWGQGTLVTVSS:DIQMTQSPSSVSASVGDRVTITCRASQDIGNWLAWYQQKPGKAPKLLIYDASMRVPGVPSRFSGSGSGTDFTLTISSLQPEDFANYYCHQYATYPWTFGGGTKVEIK,0.20638041691571646,4,train
True,1.0,,1e-06,,,DIQMTQSPSSVSASVGDRVTITCRASQGISNHLAWYQQKPGKAPKLLIYAASSRATGVPSRFSGSGSGTDFTLTISSLQPEDFANYYCLQYDTYPWTFGGGTKVEIK,QVQLVQSGAEVKKPGASVKVSCKVSGYTFTNYPIHWVRQAPGKGLEWMGGINPKRGDTIYAQKFQGRVTMTEDTSTDTAYMELSSLKSEDTAVYYCARDGVGAPGDYWGQGTLVTVSS,GYTFTNYP,INPKRGDT,ARDGVGAPGDY,QGISNH,AASSRAT,LQYDTYPWT,0.020305599,0.002270663,QVQLVQSGAEVKKPGASVKVSCKVSGYTFTNYPIHWVRQAPGKGLEWMGGINPKRGDTIYAQKFQGRVTMTEDTSTDTAYMELSSLKSEDTAVYYCARDGVGAPGDYWGQGTLVTVSS:DIQMTQSPSSVSASVGDRVTITCRASQGISNHLAWYQQKPGKAPKLLIYAASSRATGVPSRFSGSGSGTDFTLTISSLQPEDFANYYCLQYDTYPWTFGGGTKVEIK,0.6642067078277463,8,train
True,1.0,,5.4e-07,111053.3017,0.059963839,DIQMTQSPSSVSASVGDRVTITCRASQDIGSYLAWYQQKPGKAPKLLIYGASNLESGVPSRFSGSGSGTDFTLTISSLQPEDFANYYCQQYKAYPLTFGGGTKVEIK,QVQLVQSGAEVKKPGASVKVSCKVSGYTFTSHAIHWVRQAPGKGLEWMGGISPYRGDTIYAQKFQGRVTMTEDTSTDTAYMELSSLKSEDTAVYYCARDAGVPLDYWGQGTLVTVSS,GYTFTSHA,ISPYRGDT,ARDAGVPLDY,QDIGSY,GASNLES,QQYKAYPLT,0.09814373,0.004541326,QVQLVQSGAEVKKPGASVKVSCKVSGYTFTSHAIHWVRQAPGKGLEWMGGISPYRGDTIYAQKFQGRVTMTEDTSTDTAYMELSSLKSEDTAVYYCARDAGVPLDYWGQGTLVTVSS:DIQMTQSPSSVSASVGDRVTITCRASQDIGSYLAWYQQKPGKAPKLLIYGASNLESGVPSRFSGSGSGTDFTLTISSLQPEDFANYYCQQYKAYPLTFGGGTKVEIK,0.6253423156886326,7,train
True,1.0,,6.7e-10,289346.9175,0.000193795,DIQMTQSPSSVSASVGDRVTITCRASQDIGNHLAWYQQKPGKAPKLLIYASSNLASGVPSRFSGSGSGTDFTLTISSLQPEDFANYYCQQYSTHSWTFGGGTKVEIK,QVQLVQSGAEVKKPGASVKVSCKVSGYSFTDHSIHWVRQAPGKGLEWMGGINPYTGDTIYAQKFQGRVTMTEDTSTDTAYMELSSLKSEDTAVYYCAKDGWGSLLNGIAVAGLDYWGQGTLVTVSS,GYSFTDHS,INPYTGDT,AKDGWGSLLNGIAVAGLDY,QDIGNH,ASSNLAS,QQYSTHSWT,0.023689866,0.056766576,QVQLVQSGAEVKKPGASVKVSCKVSGYSFTDHSIHWVRQAPGKGLEWMGGINPYTGDTIYAQKFQGRVTMTEDTSTDTAYMELSSLKSEDTAVYYCAKDGWGSLLNGIAVAGLDYWGQGTLVTVSS:DIQMTQSPSSVSASVGDRVTITCRASQDIGNHLAWYQQKPGKAPKLLIYASSNLASGVPSRFSGSGSGTDFTLTISSLQPEDFANYYCQQYSTHSWTFGGGTKVEIK,0.20325828821523556,4,train
True,1.0,,4.51e-10,260544.8874,0.000117627,DIQMTQSPSSVSASVGDRVTITCRASQAIGSYLAWYQQKPGKAPKLLIYASSNLASGVPSRFSGSGSGTDFTLTISSLQPEDFANYYCHQYATYPWTFGGGTKVEIK,QVQLVQSGAEVKKPGASVKVSCKVSGYSFTDHSIHWVRQAPGKGLEWMGGINPYTGDTIYAQKFQGRVTMTEDTSTDTAYMELSSLKSEDTAVYYCARDGYSGYESSYYYYGMDVWGQGTTVTVSS,GYSFTDHS,INPYTGDT,ARDGYSGYESSYYYYGMDV,QAIGSY,ASSNLAS,HQYATYPWT,0.008460666,0.015894641,QVQLVQSGAEVKKPGASVKVSCKVSGYSFTDHSIHWVRQAPGKGLEWMGGINPYTGDTIYAQKFQGRVTMTEDTSTDTAYMELSSLKSEDTAVYYCARDGYSGYESSYYYYGMDVWGQGTTVTVSS:DIQMTQSPSSVSASVGDRVTITCRASQAIGSYLAWYQQKPGKAPKLLIYASSNLASGVPSRFSGSGSGTDFTLTISSLQPEDFANYYCHQYATYPWTFGGGTKVEIK,0.17829354370019007,3,train
True,1.0,,1.27e-09,176174.0737,0.000224208,DIQMTQSPSSVSASVGDRVTITCRASQGISTHLAWYQQKPGKAPKLLIYESNQRPSGVPSRFSGSGSGTDFTLTISSLQPEDFANYYCQQYSAFPWTFGGGTKVEIK,QVQLVQSGAEVKKPGASVKVSCKVSGYPFTNYAIHWVRQAPGKGLEWMGGINPSLGDTIYAQKFQGRVTMTEDTSTDTAYMELSSLKSEDTAVYYCARDGYSYGYLSGMDVWGQGTTVTVSS,GYPFTNYA,INPSLGDT,ARDGYSYGYLSGMDV,QGISTH,ESNQRPS,QQYSAFPWT,0.003384267,0.002270663,QVQLVQSGAEVKKPGASVKVSCKVSGYPFTNYAIHWVRQAPGKGLEWMGGINPSLGDTIYAQKFQGRVTMTEDTSTDTAYMELSSLKSEDTAVYYCARDGYSYGYLSGMDVWGQGTTVTVSS:DIQMTQSPSSVSASVGDRVTITCRASQGISTHLAWYQQKPGKAPKLLIYESNQRPSGVPSRFSGSGSGTDFTLTISSLQPEDFANYYCQQYSAFPWTFGGGTKVEIK,0.2435927945417649,5,train
True,1.0,,4.43e-10,287157.0485,0.000127263,DIQMTQSPSSVSASVGDRVTITCRASQNIDNYLAWYQQKPGKAPKLLIYGASSRATGVPSRFSGSGSGTDFTLTISSLQPEDFANYYCLQYGSYPWTFGGGTKVEIK,QVQLVQSGAEVKKPGASVKVSCKVSGYTFTDAAIHWVRQAPGKGLEWMGGINPNIGDTIYAQKFQGRVTMTEDTSTDTAYMELSSLKSEDTAVYYCARDGGNWAAPYSMDVWGNGTLVTVSS,GYTFTDAA,INPNIGDT,ARDGGNWAAPYSMDV,QNIDNY,GASSRAT,LQYGSYPWT,0.0,0.002270663,QVQLVQSGAEVKKPGASVKVSCKVSGYTFTDAAIHWVRQAPGKGLEWMGGINPNIGDTIYAQKFQGRVTMTEDTSTDTAYMELSSLKSEDTAVYYCARDGGNWAAPYSMDVWGNGTLVTVSS:DIQMTQSPSSVSASVGDRVTITCRASQNIDNYLAWYQQKPGKAPKLLIYGASSRATGVPSRFSGSGSGTDFTLTISSLQPEDFANYYCLQYGSYPWTFGGGTKVEIK,0.1771646994870026,3,train
True,1.0,,3.55e-05,1024.752475,0.036379031,DIQMTQSPSSVSASVGDRVTITCRASQNIGSYLAWYQQKPGKAPKLLIYDVSRLQSGVPSRFSGSGSGTDFTLTISSLQPEDFANYYCQQYAAYPWTFGGGTKVEIK,QVQLVQSGAEVKKPGASVKVSCKVSGYTLSDLSIHWVRQAPGKGLEWMGGMSPKSGDTIYAQKFQGRVTMTEDTSTDTAYMELSSLKSEDTAVYYCARDDGVPPYGMDVWGQGTTVTVSS,GYTLSDLS,MSPKSGDT,ARDDGVPPYGMDV,QNIGSY,DVSRLQS,QQYAAYPWT,0.0050764,0.0,QVQLVQSGAEVKKPGASVKVSCKVSGYTLSDLSIHWVRQAPGKGLEWMGGMSPKSGDTIYAQKFQGRVTMTEDTSTDTAYMELSSLKSEDTAVYYCARDDGVPPYGMDVWGQGTTVTVSS:DIQMTQSPSSVSASVGDRVTITCRASQNIGSYLAWYQQKPGKAPKLLIYDVSRLQSGVPSRFSGSGSGTDFTLTISSLQPEDFANYYCQQYAAYPWTFGGGTKVEIK,0.8893460116737579,9,train
True,1.0,28F,5.61e-11,178267.6701,1e-05,DIQMTQSPSSVSASVGDRVTITCRASQDIDTYLAWYQQKPGKAPKLLIYGASIRESGVPSRFSGSGSGTDFTLTISSLQPEDFANYYCHQYATYPWTFGGGTKVEIK,QVQLVQSGAEVKKPGASVKVSCKVSGYSFTDHSIHWVRQAPGKGLEWMGGINPYTGDTIYAQKFQGRVTMTEDTSTDTAYMELSSLKSEDTAVYYCARDGYDFWSGSYGMDVWGQGTTVTVSS,GYSFTDHS,INPYTGDT,ARDGYDFWSGSYGMDV,QDIDTY,GASIRES,HQYATYPWT,0.028766266,0.047683924,QVQLVQSGAEVKKPGASVKVSCKVSGYSFTDHSIHWVRQAPGKGLEWMGGINPYTGDTIYAQKFQGRVTMTEDTSTDTAYMELSSLKSEDTAVYYCARDGYDFWSGSYGMDVWGQGTTVTVSS:DIQMTQSPSSVSASVGDRVTITCRASQDIDTYLAWYQQKPGKAPKLLIYGASIRESGVPSRFSGSGSGTDFTLTISSLQPEDFANYYCHQYATYPWTFGGGTKVEIK,0.04682957099872132,1,train
True,1.0,28F,1.55e-09,253521.2302,0.000392756,DIQMTQSPSSVSASVGDRVTITCRASQDIDTYLAWYQQKPGKAPKLLIYASSNLASGVPSRFSGSGSGTDFTLTISSLQPEDFANYYCHQYATYPWTFGGGTKVEIK,QVQLVQSGAEVKKPGASVKVSCKVSGYSFTDHSIHWVRQAPGKGLEWMGGIDPYTGATIYAQKFQGRVTMTEDTSTDTAYMELSSLKSEDTAVYYCARDGYDFWSGSYGMDVWGQGTTVTVSS,GYSFTDHS,IDPYTGAT,ARDGYDFWSGSYGMDV,QDIDTY,ASSNLAS,HQYATYPWT,0.013537066,0.013623978,QVQLVQSGAEVKKPGASVKVSCKVSGYSFTDHSIHWVRQAPGKGLEWMGGIDPYTGATIYAQKFQGRVTMTEDTSTDTAYMELSSLKSEDTAVYYCARDGYDFWSGSYGMDVWGQGTTVTVSS:DIQMTQSPSSVSASVGDRVTITCRASQDIDTYLAWYQQKPGKAPKLLIYASSNLASGVPSRFSGSGSGTDFTLTISSLQPEDFANYYCHQYATYPWTFGGGTKVEIK,0.2561592325861004,6,train
True,1.0,,4e-11,249811.239,1e-05,DIQMTQSPSSVSASVGDRVTITCRASQDIGNHLAWYQQKPGKAPKLLIYASSNLASGVPSRFSGSGSGTDFTLTISSLQPEDFANYYCHQYATYPWTFGGGTKVEIK,QVQLVQSGAEVKKPGASVKVSCKVSGYSFTDHSIHWVRQAPGKGLEWMGGINPNIGDTIYAQKFQGRVTMTEDTSTDTAYMELSSLKSEDTAVYYCARDGYSGYESSYYYYGMDVWGQGTTVTVSS,GYSFTDHS,INPNIGDT,ARDGYSGYESSYYYYGMDV,QDIGNH,ASSNLAS,HQYATYPWT,0.050763998,0.093097184,QVQLVQSGAEVKKPGASVKVSCKVSGYSFTDHSIHWVRQAPGKGLEWMGGINPNIGDTIYAQKFQGRVTMTEDTSTDTAYMELSSLKSEDTAVYYCARDGYSGYESSYYYYGMDVWGQGTTVTVSS:DIQMTQSPSSVSASVGDRVTITCRASQDIGNHLAWYQQKPGKAPKLLIYASSNLASGVPSRFSGSGSGTDFTLTISSLQPEDFANYYCHQYATYPWTFGGGTKVEIK,0.02549490130090766,0,train
True,1.0,,3.41e-10,315207.4642,0.000107537,DIQMTQSPSSVSASVGDRVTITCRASQGIGTYLAWYQQKPGKAPKLLIYAASNLQDGVPSRFSGSGSGTDFTLTISSLQPEDFANYYCHQYAAYPWTFGGGTKVEIK,QVQLVQSGAEVKKPGASVKVSCKVSGYPFTRSTIHWVRQAPGKGLEWMGGINAGTGDTIYAQKFQGRVTMTEDTSTDTAYMELSSLKSEDTAVYYCARDGYSSGYYGMDVWGQGTTVTVSS,GYPFTRST,INAGTGDT,ARDGYSSGYYGMDV,QGIGTY,AASNLQD,HQYAAYPWT,0.020305599,0.02270663,QVQLVQSGAEVKKPGASVKVSCKVSGYPFTRSTIHWVRQAPGKGLEWMGGINAGTGDTIYAQKFQGRVTMTEDTSTDTAYMELSSLKSEDTAVYYCARDGYSSGYYGMDVWGQGTTVTVSS:DIQMTQSPSSVSASVGDRVTITCRASQGIGTYLAWYQQKPGKAPKLLIYAASNLQDGVPSRFSGSGSGTDFTLTISSLQPEDFANYYCHQYAAYPWTFGGGTKVEIK,0.16065943117113177,2,train
True,1.0,,1e-06,,,DIQMTQSPSSVSASVGDRVTITCRASQGINKNLAWYQQKPGKAPKLLIYANDMRATGVPSRFSGSGSGTDFTLTISSLQPEDFANYYCLQYNAFSWTFGGGTKVEIK,QVQLVQSGAEVKKPGASVKVSCKVSGDTFSSHAIHWVRQAPGKGLEWMGGIDPYTGATIYAQKFQGRVTMTEDTYTDTAYMELSSLKSEDTAVYYCARDRGGYGMDVWGQGTTVTVSS,GDTFSSHA,IDPYTGAT,ARDRGGYGMDV,QGINKN,ANDMRAT,LQYNAFSWT,0.006768533,0.0,QVQLVQSGAEVKKPGASVKVSCKVSGDTFSSHAIHWVRQAPGKGLEWMGGIDPYTGATIYAQKFQGRVTMTEDTYTDTAYMELSSLKSEDTAVYYCARDRGGYGMDVWGQGTTVTVSS:DIQMTQSPSSVSASVGDRVTITCRASQGINKNLAWYQQKPGKAPKLLIYANDMRATGVPSRFSGSGSGTDFTLTISSLQPEDFANYYCLQYNAFSWTFGGGTKVEIK,0.6642067078277463,8,train
True,1.0,,1.26e-10,302253.3861,3.82e-05,DIQMTQSPSSVSASVGDRVTITCRASQSIASHLAWYQQKPGKAPKLLIYEASTLKPGVPSRFSGSGSGTDFTLTISSLQPEDFANYYCHQYAAYPWTFGGGTKVEIK,QVQLVQSGAEVKKPGASVKVSCKVSGYPFTRSTIHWVRQAPGKGLEWMGGINAGTGDTIYAQKFQGRVTMTEDTSTDTAYMELSSLKSEDTAVYYCARDGYSSGYYGMDVWGQGTTVTVSS,GYPFTRST,INAGTGDT,ARDGYSSGYYGMDV,QSIASH,EASTLKP,HQYAAYPWT,0.027074132,0.009082652,QVQLVQSGAEVKKPGASVKVSCKVSGYPFTRSTIHWVRQAPGKGLEWMGGINAGTGDTIYAQKFQGRVTMTEDTSTDTAYMELSSLKSEDTAVYYCARDGYSSGYYGMDVWGQGTTVTVSS:DIQMTQSPSSVSASVGDRVTITCRASQSIASHLAWYQQKPGKAPKLLIYEASTLKPGVPSRFSGSGSGTDFTLTISSLQPEDFANYYCHQYAAYPWTFGGGTKVEIK,0.09786442735054791,1,train
True,1.0,,1e-06,,,DIQMTQSPSSVSASVGDRVTITCRASQSIANYLAWYQQKPGKAPKLLIYESQKRPSGVPSRFSGSGSGTDFTLTISSLQPEDFANYYCQQSDTFPRTFGGGTKVEIK,QVQLVQSGAEVKKPGASVKVSCKVSGATFSSSGIHWVRQAPGKGLEWMGGFIPEEGETIYAQKFQGRVTMTEDTSTDTAYMELSSLKSEDTAVYYCTRLTSGDSVPDSWGQGTLVTVSS,GATFSSSG,FIPEEGET,TRLTSGDSVPDS,QSIANY,ESQKRPS,QQSDTFPRT,0.001692133,0.0,QVQLVQSGAEVKKPGASVKVSCKVSGATFSSSGIHWVRQAPGKGLEWMGGFIPEEGETIYAQKFQGRVTMTEDTSTDTAYMELSSLKSEDTAVYYCTRLTSGDSVPDSWGQGTLVTVSS:DIQMTQSPSSVSASVGDRVTITCRASQSIANYLAWYQQKPGKAPKLLIYESQKRPSGVPSRFSGSGSGTDFTLTISSLQPEDFANYYCQQSDTFPRTFGGGTKVEIK,0.6642067078277463,8,train
True,1.0,,6.61e-08,90772.14836,0.006000808,DIQMTQSPSSVSASVGDRVTITCRASRDISSYLAWYQQKPGKAPKLLIYGASTRASGVPSRFSGSGSGTDFTLTISSLQPEDFANYYCLQYSIYPWTFGGGTKVEIK,QVQLVQSGAEVKKPGASVKVSCKVSGYPFTRSTIHWVRQAPGKGLEWMGGINAGTGDTIYAQKFQGRVTMTEDTSTDTAYMELSSLKSEDTAVYYCARDGQPISYYYGMDVWGQGTTVTVSS,GYPFTRST,INAGTGDT,ARDGQPISYYYGMDV,RDISSY,GASTRAS,LQYSIYPWT,0.0050764,0.002270663,QVQLVQSGAEVKKPGASVKVSCKVSGYPFTRSTIHWVRQAPGKGLEWMGGINAGTGDTIYAQKFQGRVTMTEDTSTDTAYMELSSLKSEDTAVYYCARDGQPISYYYGMDVWGQGTTVTVSS:DIQMTQSPSSVSASVGDRVTITCRASRDISSYLAWYQQKPGKAPKLLIYGASTRASGVPSRFSGSGSGTDFTLTISSLQPEDFANYYCLQYSIYPWTFGGGTKVEIK,0.492864839665886,7,train
True,1.0,27F,3.43e-11,291419.9916,1e-05,DIQMTQSPSSVSASVGDRVTITCRASQSLSGYLAWYQQKPGKAPKLLIYTASNRAAGVPSRFSGSGSGTDFTLTISSLQPEDFANYYCHQYATYPWTFGGGTKVEIK,QVQLVQSGAEVKKPGASVKVSCKVSGYSFTDHSIHWVRQAPGKGLEWMGGINPYTGDTIYAQKFQGRVTMTEDTSTDTAYMELSSLKSEDTAVYYCARDGYGDYRGLYGMDVWGQGTTVTVSS,GYSFTDHS,INPYTGDT,ARDGYGDYRGLYGMDV,QSLSGY,TASNRAA,HQYATYPWT,0.025381999,0.05222525,QVQLVQSGAEVKKPGASVKVSCKVSGYSFTDHSIHWVRQAPGKGLEWMGGINPYTGDTIYAQKFQGRVTMTEDTSTDTAYMELSSLKSEDTAVYYCARDGYGDYRGLYGMDVWGQGTTVTVSS:DIQMTQSPSSVSASVGDRVTITCRASQSLSGYLAWYQQKPGKAPKLLIYTASNRAAGVPSRFSGSGSGTDFTLTISSLQPEDFANYYCHQYATYPWTFGGGTKVEIK,0.01579850931310986,0,train
True,1.0,,3.15e-07,156900.6136,0.049439021,DIQMTQSPSSVSASVGDRVTITCRASRDISSYLAWYQQKPGKAPKLLIYGASTRASGVPSRFSGSGSGTDFTLTISSLQPEDFANYYCLQYSIYPWTFGGGTKVEIK,QVQLVQSGAEVKKPGASVKVSCKVSGVTFRSYAIHWVRQAPGKGLEWMGGISAYRGDTIYAQKFQGRVTMTEDTSTDTAYMELSSLKSEDTAVYYCARDGSSSLDYWGQGTLVTVSS,GVTFRSYA,ISAYRGDT,ARDGSSSLDY,RDISSY,GASTRAS,LQYSIYPWT,0.409496252,0.011353315,QVQLVQSGAEVKKPGASVKVSCKVSGVTFRSYAIHWVRQAPGKGLEWMGGISAYRGDTIYAQKFQGRVTMTEDTSTDTAYMELSSLKSEDTAVYYCARDGSSSLDYWGQGTLVTVSS:DIQMTQSPSSVSASVGDRVTITCRASRDISSYLAWYQQKPGKAPKLLIYGASTRASGVPSRFSGSGSGTDFTLTISSLQPEDFANYYCLQYSIYPWTFGGGTKVEIK,0.5913464660162059,7,valid
True,1.0,,3.37e-10,269028.3136,9.07e-05,DIQMTQSPSSVSASVGDRVTITCRASEGISNYLAWYQQKPGKAPKLLIYGASIRESGVPSRFSGSGSGTDFTLTISSLQPEDFANYYCQQYSAFPWTFGGGTKVEIK,QVQLVQSGAEVKKPGASVKVSCKVSGYTFTANAIHWVRQAPGKGLEWMGGIGPGQGDTIYAQKFQGRVTMTEDTSTDTAYMELSSLKSEDTAVYYCARDGHCSGGSCPSGMDVWGQGTTVTVSS,GYTFTANA,IGPGQGDT,ARDGHCSGGSCPSGMDV,EGISNY,GASIRES,QQYSAFPWT,0.153984128,0.106721163,QVQLVQSGAEVKKPGASVKVSCKVSGYTFTANAIHWVRQAPGKGLEWMGGIGPGQGDTIYAQKFQGRVTMTEDTSTDTAYMELSSLKSEDTAVYYCARDGHCSGGSCPSGMDVWGQGTTVTVSS:DIQMTQSPSSVSASVGDRVTITCRASEGISNYLAWYQQKPGKAPKLLIYGASIRESGVPSRFSGSGSGTDFTLTISSLQPEDFANYYCQQYSAFPWTFGGGTKVEIK,0.15991520440318618,2,valid
True,1.0,28F,1.41e-09,281267.7949,0.000396492,DIQMTQSPSSVSASVGDRVTITCRASQDIGNHLAWYQQKPGKAPKLLIYASSNLASGVPSRFSGSGSGTDFTLTISSLQPEDFANYYCHQYATYPWTFGGGTKVEIK,QVQLVQSGAEVKKPGASVKVSCKVSGYSFTDHSIHWVRQAPGKGLEWMGGINPYTGDTIYAQKFQGRVTMTEDTSTDTAYMELSSLKSEDTAVYYCARDGYDFWSGSYGMDVWGQGAQVTVSS,GYSFTDHS,INPYTGDT,ARDGYDFWSGSYGMDV,QDIGNH,ASSNLAS,HQYATYPWT,0.206440259,0.25431426,QVQLVQSGAEVKKPGASVKVSCKVSGYSFTDHSIHWVRQAPGKGLEWMGGINPYTGDTIYAQKFQGRVTMTEDTSTDTAYMELSSLKSEDTAVYYCARDGYDFWSGSYGMDVWGQGAQVTVSS:DIQMTQSPSSVSASVGDRVTITCRASQDIGNHLAWYQQKPGKAPKLLIYASSNLASGVPSRFSGSGSGTDFTLTISSLQPEDFANYYCHQYATYPWTFGGGTKVEIK,0.25018846133559675,5,valid
True,2.0,47F,1.54e-09,282972.7588,0.000436093,DIQMTQSPSSVSASVGDRVTITCRASQSISGHLAWYQQKPGKAPKLLIYGASNRAIGIPSRFSGSGSGTDFTLTISSLQPEDFANYYCHQYATYPWTFGGGTKVEIK,QVQLVQSGAEVKKPGASVKVSCKVSGYSFTDHSIHWVRQAPGKGLEWMGGINPYTGDTIYAQKFQGRVTMTEDTSTDTAYMELSSLKSEDTAVYYCARDGYYYDSSGLPTGDAFDIWGQGTMVTVSS,GYSFTDHS,INPYTGDT,ARDGYYYDSSGLPTGDAFDI,QSISGH,GASNRAI,HQYATYPWT,0.003384267,0.0,QVQLVQSGAEVKKPGASVKVSCKVSGYSFTDHSIHWVRQAPGKGLEWMGGINPYTGDTIYAQKFQGRVTMTEDTSTDTAYMELSSLKSEDTAVYYCARDGYYYDSSGLPTGDAFDIWGQGTMVTVSS:DIQMTQSPSSVSASVGDRVTITCRASQSISGHLAWYQQKPGKAPKLLIYGASNRAIGIPSRFSGSGSGTDFTLTISSLQPEDFANYYCHQYATYPWTFGGGTKVEIK,0.2557509950004455,6,valid
True,1.0,27F,5.13e-10,291654.5669,0.000149753,DIQMTQSPSSVSASVGDRVTITCRASQDIGNHLAWYQQKPGKAPKLLIYASSNLASGVPSRFSGSGSGTDFTLTISSLQPEDFANYYCHQYATYPWTFGDGTKVEIK,QVQLVQSGAEVKKPGASVKVSCKVSGYSFSTYTIHWVRQAPGKGLEWMGGINPRDATTIYAQKFQGRVTMTEDTSTDTAYMELSSLKSEDTAVYYCARDGYGDYRGLYGMDVWGQGTTVTVSS,GYSFSTYT,INPRDATT,ARDGYGDYRGLYGMDV,QDIGNH,ASSNLAS,HQYATYPWT,0.052456131,0.045413261,QVQLVQSGAEVKKPGASVKVSCKVSGYSFSTYTIHWVRQAPGKGLEWMGGINPRDATTIYAQKFQGRVTMTEDTSTDTAYMELSSLKSEDTAVYYCARDGYGDYRGLYGMDVWGQGTTVTVSS:DIQMTQSPSSVSASVGDRVTITCRASQDIGNHLAWYQQKPGKAPKLLIYASSNLASGVPSRFSGSGSGTDFTLTISSLQPEDFANYYCHQYATYPWTFGDGTKVEIK,0.18641781647240627,3,valid
True,1.0,28F,6.45e-07,1246.97949,0.000804629,DIQMTQSPSSVSASVGDRVTITCRASEGISNYLAWYQQKPGKAPKLLIYGASTRASGVPSRFSGSGSGTDFTLTISSLQPEDFANYYCQEYSSYPWTFGGGAKVEIK,QVQLVQSGAEVKKPGASVKVSCKVSGYSFTDHSIHWVRQAPGKGLEWMGGINPYTGDTIYAQKFQGRVTMTEDTSTDTAYMELSSLKSEDTAVYYCARDGYDFWSGSYGMDVWGQGTTVTVSS,GYSFTDHS,INPYTGDT,ARDGYDFWSGSYGMDV,EGISNY,GASTRAS,QEYSSYPWT,0.0050764,0.013623978,QVQLVQSGAEVKKPGASVKVSCKVSGYSFTDHSIHWVRQAPGKGLEWMGGINPYTGDTIYAQKFQGRVTMTEDTSTDTAYMELSSLKSEDTAVYYCARDGYDFWSGSYGMDVWGQGTTVTVSS:DIQMTQSPSSVSASVGDRVTITCRASEGISNYLAWYQQKPGKAPKLLIYGASTRASGVPSRFSGSGSGTDFTLTISSLQPEDFANYYCQEYSSYPWTFGGGAKVEIK,0.6365491093928093,8,valid
True,1.0,,5.86e-11,170562.8656,1e-05,DIQMTQSPSSVSASVGDRVTITCRASQGIGTYLAWYQQKPGKAPKLLIYESNQRPSGVPSRFSGSGSGTDFTLTISSLQPEDFANYYCQQYSVYPWTFGGGTKVEIK,QVQLVQSGAEVKKPGASVKVSCKVSGYPFTNYAIHWVRQAPGKGLEWMGGITPYNADTIYAQKFQGRVTMTEDTSTDTAYMELSSLKSEDTAVYYCARDGYSYGYLSGMDVWGQGTTVTVSS,GYPFTNYA,ITPYNADT,ARDGYSYGYLSGMDV,QGIGTY,ESNQRPS,QQYSVYPWT,0.018613466,0.004541326,QVQLVQSGAEVKKPGASVKVSCKVSGYPFTNYAIHWVRQAPGKGLEWMGGITPYNADTIYAQKFQGRVTMTEDTSTDTAYMELSSLKSEDTAVYYCARDGYSYGYLSGMDVWGQGTTVTVSS:DIQMTQSPSSVSASVGDRVTITCRASQGIGTYLAWYQQKPGKAPKLLIYESNQRPSGVPSRFSGSGSGTDFTLTISSLQPEDFANYYCQQYSVYPWTFGGGTKVEIK,0.049579461037304776,1,valid
True,1.0,,4.95e-11,202116.2996,1e-05,DIQMTQSPSSVSASVGNRVTITCRASHDISNYLAWYQQKPGKAPKLLIYESNQRPSGVPSRFSGSGSGTDFTLTISSLQPEDFANYYCHQYAAYPWTFGGGTKVEIK,QVQLVQSGAEVKKPGASVKVSCKVSGYPFTSYAIHWVRQAPGKGLEWMGGITPYNADTIYAQKFQGRVTMTEDTSTDTAYMELSSLKSEDTAVYYCARDGYSYGYLSGMDVWGQGTTVTVSS,GYPFTSYA,ITPYNADT,ARDGYSYGYLSGMDV,HDISNY,ESNQRPS,HQYAAYPWT,0.013537066,0.004541326,QVQLVQSGAEVKKPGASVKVSCKVSGYPFTSYAIHWVRQAPGKGLEWMGGITPYNADTIYAQKFQGRVTMTEDTSTDTAYMELSSLKSEDTAVYYCARDGYSYGYLSGMDVWGQGTTVTVSS:DIQMTQSPSSVSASVGNRVTITCRASHDISNYLAWYQQKPGKAPKLLIYESNQRPSGVPSRFSGSGSGTDFTLTISSLQPEDFANYYCHQYAAYPWTFGGGTKVEIK,0.03893522031813473,1,valid
True,1.0,28F,1e-06,,,DIQMTQSPSSVSASVGDRVTITCRASQPISSYLAWYQQKPGKAPKLLIYEASKLQSGVPSRFSGSGSGTDFTLTISSLQPEDFANYYCHQYATYPWTFGGGTKVEIK,QVQLVQSGAEVKKPGASVKVSCKVSGYSFTDHSIHWVRQAPGKGLEWMGGINPYTGDTIYAQKFQGRVTMTEDTSTDTAYMELSSLKSEDTAVYYCARDGYDFWSGSYGMDVWGQGTTVTVSS,GYSFTDHS,INPYTGDT,ARDGYDFWSGSYGMDV,QPISSY,EASKLQS,HQYATYPWT,0.179366127,0.272479564,QVQLVQSGAEVKKPGASVKVSCKVSGYSFTDHSIHWVRQAPGKGLEWMGGINPYTGDTIYAQKFQGRVTMTEDTSTDTAYMELSSLKSEDTAVYYCARDGYDFWSGSYGMDVWGQGTTVTVSS:DIQMTQSPSSVSASVGDRVTITCRASQPISSYLAWYQQKPGKAPKLLIYEASKLQSGVPSRFSGSGSGTDFTLTISSLQPEDFANYYCHQYATYPWTFGGGTKVEIK,0.6642067078277463,8,valid
True,1.0,,1e-06,,,DIQMTQSPSSVSASVGDRVTITCRASEGISNYLAWYQQKPGQDPRLLIYGASSRAPGIPARFSGSGSGTDFTLTISSLEPEDFAVYYCRQYTTSPWTFGGGTKVEIK,QVQLVQSGAEVKKPGASVKVSCKVSAGTLSSYAIHWVRQAPGKGLEWMGGISPYSGHTIYAQKFQGRVTMTEDTSTDTAYMELSSLKSEDTAVYYCARDSSSAPFDPWGQGTLVTVSS,AGTLSSYA,ISPYSGHT,ARDSSSAPFDP,EGISNY,GASSRAP,RQYTTSPWT,0.001692133,0.013623978,QVQLVQSGAEVKKPGASVKVSCKVSAGTLSSYAIHWVRQAPGKGLEWMGGISPYSGHTIYAQKFQGRVTMTEDTSTDTAYMELSSLKSEDTAVYYCARDSSSAPFDPWGQGTLVTVSS:DIQMTQSPSSVSASVGDRVTITCRASEGISNYLAWYQQKPGQDPRLLIYGASSRAPGIPARFSGSGSGTDFTLTISSLEPEDFAVYYCRQYTTSPWTFGGGTKVEIK,0.6642067078277463,8,valid
True,1.0,27F,3.68e-11,271729.0806,1e-05,DIQMTQSPSSVSASVGDRVTITCRASQDIGNHLAWYQQKPGKAPKLLIYASSNLASGVPSRFSGSGSGTDFTLTISSLQPEDFANYYCHQYATYPWTFGDGTKVEIK,QVQLVQSGAEVKKPGASVKVSCKVSGYSFTDHSIHWVRQAPGKGLEWMGGINPYTGDTIYAQKFQGRVTMTEDTSTDTAYMELSSLKSEDTAVYYCARDGYGDYRGLYGMDVWGQGTTVTVSS,GYSFTDHS,INPYTGDT,ARDGYGDYRGLYGMDV,QDIGNH,ASSNLAS,HQYATYPWT,0.187826793,0.315622162,QVQLVQSGAEVKKPGASVKVSCKVSGYSFTDHSIHWVRQAPGKGLEWMGGINPYTGDTIYAQKFQGRVTMTEDTSTDTAYMELSSLKSEDTAVYYCARDGYGDYRGLYGMDVWGQGTTVTVSS:DIQMTQSPSSVSASVGDRVTITCRASQDIGNHLAWYQQKPGKAPKLLIYASSNLASGVPSRFSGSGSGTDFTLTISSLQPEDFANYYCHQYATYPWTFGDGTKVEIK,0.020235815872553787,0,valid
True,1.0,,7.15e-10,272688.2873,0.000194887,DIQMTQSPSSVSASVGDRVTITCRASQNIGTYLAWYQQKPGKAPKLLIYDASYLHSGVPSRFSGSGSGTDFTLTISSLQPEDFANYYCQQYSTHSWTFGGGTKVEIK,QVQLVQSGAEVKKPGASVKVSCKVSGYSFTDHSIHWVRQAPGKGLEWMGGINPYTGDTIYAQKFQGRVTMTEDTSTDTAYMELSSLKSEDTAVYYCAKDGWGSLLNGIAVAGLDYWGQGTLVTVSS,GYSFTDHS,INPYTGDT,AKDGWGSLLNGIAVAGLDY,QNIGTY,DASYLHS,QQYSTHSWT,0.106604396,0.106721163,QVQLVQSGAEVKKPGASVKVSCKVSGYSFTDHSIHWVRQAPGKGLEWMGGINPYTGDTIYAQKFQGRVTMTEDTSTDTAYMELSSLKSEDTAVYYCAKDGWGSLLNGIAVAGLDYWGQGTLVTVSS:DIQMTQSPSSVSASVGDRVTITCRASQNIGTYLAWYQQKPGKAPKLLIYDASYLHSGVPSRFSGSGSGTDFTLTISSLQPEDFANYYCQQYSTHSWTFGGGTKVEIK,0.20735830451619908,4,valid
True,1.0,,6.58e-10,273993.2528,0.000180274,DIQMTQSPSSVSASVGDRVTITCRASRDINKYLAWYQQKPGKAPKLLIYASSNLASGVPSRFSGSGSGTDFTLTISSLQPEDFANYYCHQYATYPWTFGGGTKVEIK,QVQLVQSGAEVKKPGASVKVSCKVSGYSFTDHSIHWVRQAPGKGLEWMGGINPYTGDTIYAQKFQGRVTMTEDTSTDTAYMELSSLKSEDTAVYYCAKDGWGSLLNGIAVAGLDYWGQGTLVTVSS,GYSFTDHS,INPYTGDT,AKDGWGSLLNGIAVAGLDY,RDINKY,ASSNLAS,HQYATYPWT,0.054148265,0.090826521,QVQLVQSGAEVKKPGASVKVSCKVSGYSFTDHSIHWVRQAPGKGLEWMGGINPYTGDTIYAQKFQGRVTMTEDTSTDTAYMELSSLKSEDTAVYYCAKDGWGSLLNGIAVAGLDYWGQGTLVTVSS:DIQMTQSPSSVSASVGDRVTITCRASRDINKYLAWYQQKPGKAPKLLIYASSNLASGVPSRFSGSGSGTDFTLTISSLQPEDFANYYCHQYATYPWTFGGGTKVEIK,0.20211839297058568,4,valid
True,1.0,,4.16e-11,240665.0278,1e-05,DIQMTQSPSSVSASVGDRVTITCRASHNIGSYLAWYQQKPGKAPKLLIYDASTLRSGVPSRFSGSGSGTDFTLTISSLQPEDFANYYCHQYATYPWTFGGGTKVEIK,QVQLVQSGAEVKKPGASVKVSCKVSGYTFSNHAIHWVRQAPGKGLEWMGGINPNIGDTIYAQKFQGRVTMTEDTSTDTAYMELSSLKSEDTAVYYCARDGYSYGYLSGMDVWGQGTTVTVSS,GYTFSNHA,INPNIGDT,ARDGYSYGYLSGMDV,HNIGSY,DASTLRS,HQYATYPWT,0.013537066,0.009082652,QVQLVQSGAEVKKPGASVKVSCKVSGYTFSNHAIHWVRQAPGKGLEWMGGINPNIGDTIYAQKFQGRVTMTEDTSTDTAYMELSSLKSEDTAVYYCARDGYSYGYLSGMDVWGQGTTVTVSS:DIQMTQSPSSVSASVGDRVTITCRASHNIGSYLAWYQQKPGKAPKLLIYDASTLRSGVPSRFSGSGSGTDFTLTISSLQPEDFANYYCHQYATYPWTFGGGTKVEIK,0.027968649213170466,0,valid
True,1.0,,8.33e-10,321333.6025,0.000267788,DIQMTQSPSSVSASVGDRVTITCRASQTIGTYLAWYQQKPGKAPKLLIYASSNLASGVPSRFSGSGSGTDFTLTISSLQPEDFANYYCHQYATYPWTFGGGTKVEIK,QVQLVQSGAEVKKPGASVKVSCKVSGYSFTDHSIHWVRQAPGKGLEWMGGINPYTGDTIYAQKFQGRVTMTEDTSTDTAYMELSSLKSEDTAVYYCARDGYGSGSPSYYYGMDVWGQGTTVTVSS,GYSFTDHS,INPYTGDT,ARDGYGSGSPSYYYGMDV,QTIGTY,ASSNLAS,HQYATYPWT,0.008460666,0.004541326,QVQLVQSGAEVKKPGASVKVSCKVSGYSFTDHSIHWVRQAPGKGLEWMGGINPYTGDTIYAQKFQGRVTMTEDTSTDTAYMELSSLKSEDTAVYYCARDGYGSGSPSYYYGMDVWGQGTTVTVSS:DIQMTQSPSSVSASVGDRVTITCRASQTIGTYLAWYQQKPGKAPKLLIYASSNLASGVPSRFSGSGSGTDFTLTISSLQPEDFANYYCHQYATYPWTFGGGTKVEIK,0.216992696219888,5,valid
